,Geoid,num evictions,geoid_year,Total Population,Total Housing Units,Total; Estimate; Average household size,Year,Median Year Structure Built,Median Year Moved In,Percent with Bachelor's degree,Median rent burden,Evictions per units,Percent Black,Percent White,Percent Asian,Percent Native,"Percent H, PI"
0,06075010200,1,60750102002017,4363.0,3056.0,1.74,2017,1939.0,2011.0,44.3,23.3,0.0003272251308900524,0.007792803117121247,0.8427687371074949,0.1118496447398579,0.0,0.00206280082512033
1,06075010300,1,60750103002017,4377.0,2379.0,2.16,2017,1939.0,2010.0,38.1,21.0,0.0004203446826397646,0.0,0.6186885994973726,0.33013479552204705,0.0,0.0
2,06075010300,2,60750103002018,4865.849557522124,2005.5221238938052,2.6429203539823014,2018,1943.2300884955753,2009.8230088495575,32.61946902654866,27.650442477876098,0.0013378127506082694,0.03984970200476138,0.4612551628561711,0.35964033238699916,0.0032973168606924546,0.0036228655193046716
3,06075010400,2,60750104002017,4645.0,2883.0,1.91,2017,1939.0,2008.0,37.4,23.3,0.000693721817551162,0.00021528525296017224,0.5967707212055974,0.28417653390742736,0.000861141011840689,0.0
4,06075010400,4,60750104002018,4865.849557522124,2005.5221238938052,2.6429203539823014,2018,1943.2300884955753,2009.8230088495575,32.61946902654866,27.650442477876098,0.0013378127506082694,0.03984970200476138,0.4612551628561711,0.35964033238699916,0.0032973168606924546,0.0036228655193046716
5,06075010600,1,60750106002017,3505.0,2154.0,1.92,2017,1939.0,2011.0,27.7,27.5,0.00046425255338904364,0.016262482168330955,0.34522111269614836,0.6165477888730385,0.0,0.0
6,06075010800,1,60750108002018,4865.849557522124,2005.5221238938052,2.6429203539823014,2018,1943.2300884955753,2009.8230088495575,32.61946902654866,27.650442477876098,0.0013378127506082694,0.03984970200476138,0.4612551628561711,0.35964033238699916,0.0032973168606924546,0.0036228655193046716
7,06075010900,1,60750109002017,4519.0,2882.0,1.69,2017,1939.0,2010.0,42.4,19.6,0.00034698126301179735,0.015268864793095818,0.7005974773179907,0.2511617614516486,0.0,0.0
8,06075011100,1,60750111002018,4865.849557522124,2005.5221238938052,2.6429203539823014,2018,1943.2300884955753,2009.8230088495575,32.61946902654866,27.650442477876098,0.0013378127506082694,0.03984970200476138,0.4612551628561711,0.35964033238699916,0.0032973168606924546,0.0036228655193046716
9,06075011200,1,60750112002018,4865.849557522124,2005.5221238938052,2.6429203539823014,2018,1943.2300884955753,2009.8230088495575,32.61946902654866,27.650442477876098,0.0013378127506082694,0.03984970200476138,0.4612551628561711,0.35964033238699916,0.0032973168606924546,0.0036228655193046716
10,06075012602,1,60750126022018,4865.849557522124,2005.5221238938052,2.6429203539823014,2018,1943.2300884955753,2009.8230088495575,32.61946902654866,27.650442477876098,0.0013378127506082694,0.03984970200476138,0.4612551628561711,0.35964033238699916,0.0032973168606924546,0.0036228655193046716
11,06075012700,2,60750127002017,3637.0,2304.0,1.74,2017,1939.0,2011.0,49.1,24.7,0.0008680555555555555,0.025295573274676932,0.8292548803959308,0.08770965081110806,0.0,0.006323893318669233
12,06075012800,1,60750128002017,4738.0,2569.0,2.03,2017,1939.0,2012.0,46.9,18.6,0.00038925652004671076,0.016884761502743775,0.8653440270156184,0.07914731954411144,0.00021105951878429716,0.0
13,06075012800,1,60750128002018,4865.849557522124,2005.5221238938052,2.6429203539823014,2018,1943.2300884955753,2009.8230088495575,32.61946902654866,27.650442477876098,0.0013378127506082694,0.03984970200476138,0.4612551628561711,0.35964033238699916,0.0032973168606924546,0.0036228655193046716
14,06075012901,1,60750129012017,2754.0,1694.0,1.77,2017,1939.0,2010.0,55.3,18.5,0.0005903187721369539,0.0,0.8340595497458243,0.10239651416122005,0.00980392156862745,0.0
15,06075012901,2,60750129012018,4865.849557522124,2005.5221238938052,2.6429203539823014,2018,1943.2300884955753,2009.8230088495575,32.61946902654866,27.650442477876098,0.0013378127506082694,0.03984970200476138,0.4612551628561711,0.35964033238699916,0.0032973168606924546,0.0036228655193046716
16,06075012902,2,60750129022017,3628.0,2244.0,1.75,2017,1939.0,2011.0,51.4,23.7,0.00089126559714795,0.027563395810363836,0.7932745314222712,0.12045203969128997,0.0033076074972436605,0.0
17,06075012902,1,60750129022018,4865.849557522124,2005.5221238938052,2.6429203539823014,2018,1943.2300884955753,2009.8230088495575,32.61946902654866,27.650442477876098,0.0013378127506082694,0.03984970200476138,0.4612551628561711,0.35964033238699916,0.0032973168606924546,0.0036228655193046716
18,06075013000,1,60750130002018,4865.849557522124,2005.5221238938052,2.6429203539823014,2018,1943.2300884955753,2009.8230088495575,32.61946902654866,27.650442477876098,0.0013378127506082694,0.03984970200476138,0.4612551628561711,0.35964033238699916,0.0032973168606924546,0.0036228655193046716
19,06075013200,2,60750132002018,4865.849557522124,2005.5221238938052,2.6429203539823014,2018,1943.2300884955753,2009.8230088495575,32.61946902654866,27.650442477876098,0.0013378127506082694,0.03984970200476138,0.4612551628561711,0.35964033238699916,0.0032973168606924546,0.0036228655193046716
20,06075013300,1,60750133002017,4626.0,2101.0,2.22,2017,1939.0,2009.0,40.6,23.2,0.00047596382674916705,0.021184608733246867,0.7462170341547774,0.14785992217898833,0.0,0.0030263726761781237
21,06075013400,1,60750134002017,4031.0,2191.0,2.0,2017,1939.0,2012.0,40.9,22.0,0.00045641259698767686,0.01463656660878194,0.7444802778466881,0.17464648970478788,0.0,0.003969238402381543
22,06075013500,2,60750135002017,2617.0,1887.0,1.62,2017,1939.0,2011.0,40.0,19.8,0.0010598834128245894,0.027130301872372947,0.6790217806648835,0.24188001528467712,0.0038211692777990066,0.0
23,06075015300,1,60750153002017,2210.0,1041.0,2.13,2017,1939.0,2011.0,38.8,24.9,0.0009606147934678194,0.07737556561085973,0.6751131221719457,0.17782805429864254,0.0,0.007239819004524887
24,06075015400,2,60750154002017,5877.0,3179.0,2.0,2017,1939.0,2011.0,39.4,23.4,0.0006291286568103177,0.016845329249617153,0.6647949634167092,0.23702569338097668,0.00017015484090522376,0.018887187340479835
25,06075015400,1,60750154002018,4865.849557522124,2005.5221238938052,2.6429203539823014,2018,1943.2300884955753,2009.8230088495575,32.61946902654866,27.650442477876098,0.0013378127506082694,0.03984970200476138,0.4612551628561711,0.35964033238699916,0.0032973168606924546,0.0036228655193046716
26,06075015600,1,60750156002017,3236.0,1576.0,2.23,2017,1950.0,2012.0,40.6,24.6,0.0006345177664974619,0.021013597033374538,0.5565512978986403,0.34672435105067984,0.0,0.0
27,06075015600,2,60750156002018,4865.849557522124,2005.5221238938052,2.6429203539823014,2018,1943.2300884955753,2009.8230088495575,32.61946902654866,27.650442477876098,0.0013378127506082694,0.03984970200476138,0.4612551628561711,0.35964033238699916,0.0032973168606924546,0.0036228655193046716
28,06075015700,3,60750157002017,9377.0,2844.0,2.26,2017,1947.0,2012.0,44.2,24.1,0.0010548523206751054,0.03785859016743095,0.5767302975365255,0.24581422629838967,0.0,0.010451103764530234
29,06075015700,1,60750157002018,4865.849557522124,2005.5221238938052,2.6429203539823014,2018,1943.2300884955753,2009.8230088495575,32.61946902654866,27.650442477876098,0.0013378127506082694,0.03984970200476138,0.4612551628561711,0.35964033238699916,0.0032973168606924546,0.0036228655193046716
30,06075015802,2,60750158022017,3506.0,1681.0,2.17,2017,1939.0,2011.0,43.8,24.0,0.001189767995240928,0.08328579577866514,0.6662863662293211,0.11523103251568739,0.005419281232173417,0.0031374786081003994
31,06075015802,1,60750158022018,4865.849557522124,2005.5221238938052,2.6429203539823014,2018,1943.2300884955753,2009.8230088495575,32.61946902654866,27.650442477876098,0.0013378127506082694,0.03984970200476138,0.4612551628561711,0.35964033238699916,0.0032973168606924546,0.0036228655193046716
32,06075016200,1,60750162002017,3236.0,1954.0,1.77,2017,1947.0,2011.0,47.4,24.8,0.0005117707267144319,0.044190358467243514,0.6365883807169345,0.2515451174289246,0.0,0.001854140914709518
33,06075016300,1,60750163002017,4671.0,2160.0,2.23,2017,1939.0,2009.0,46.9,20.1,0.000462962962962963,0.14001284521515736,0.5895953757225434,0.15692571183900664,0.0,0.0
34,06075016400,2,60750164002017,3915.0,1935.0,2.01,2017,1939.0,2011.0,41.4,22.9,0.0010335917312661498,0.1016602809706258,0.6888888888888889,0.12413793103448276,0.002554278416347382,0.0
35,06075016500,5,60750165002017,5760.0,2509.0,2.35,2017,1939.0,2011.0,50.0,22.6,0.0019928258270227183,0.07065972222222222,0.7144097222222222,0.11510416666666666,0.0,0.0
36,06075016500,1,60750165002018,4865.849557522124,2005.5221238938052,2.6429203539823014,2018,1943.2300884955753,2009.8230088495575,32.61946902654866,27.650442477876098,0.0013378127506082694,0.03984970200476138,0.4612551628561711,0.35964033238699916,0.0032973168606924546,0.0036228655193046716
37,06075016700,2,60750167002018,4865.849557522124,2005.5221238938052,2.6429203539823014,2018,1943.2300884955753,2009.8230088495575,32.61946902654866,27.650442477876098,0.0013378127506082694,0.03984970200476138,0.4612551628561711,0.35964033238699916,0.0032973168606924546,0.0036228655193046716
38,06075017000,3,60750170002017,4113.0,2374.0,1.86,2017,1939.0,2011.0,39.7,20.5,0.0012636899747262005,0.007050814490639436,0.8178944809141746,0.12472647702407003,0.0,0.004862630683199611
39,06075017101,1,60750171012017,3743.0,1972.0,2.12,2017,1939.0,2011.0,41.5,21.0,0.0005070993914807302,0.04381512156024579,0.7921453379641998,0.06545551696500133,0.013358268768367619,0.0
40,06075017101,1,60750171012018,4865.849557522124,2005.5221238938052,2.6429203539823014,2018,1943.2300884955753,2009.8230088495575,32.61946902654866,27.650442477876098,0.0013378127506082694,0.03984970200476138,0.4612551628561711,0.35964033238699916,0.0032973168606924546,0.0036228655193046716
41,06075017102,1,60750171022018,4865.849557522124,2005.5221238938052,2.6429203539823014,2018,1943.2300884955753,2009.8230088495575,32.61946902654866,27.650442477876098,0.0013378127506082694,0.03984970200476138,0.4612551628561711,0.35964033238699916,0.0032973168606924546,0.0036228655193046716
42,06075017601,2,60750176012018,4865.849557522124,2005.5221238938052,2.6429203539823014,2018,1943.2300884955753,2009.8230088495575,32.61946902654866,27.650442477876098,0.0013378127506082694,0.03984970200476138,0.4612551628561711,0.35964033238699916,0.0032973168606924546,0.0036228655193046716
43,06075017700,1,60750177002017,1822.0,813.0,2.43,2017,1939.0,2010.0,36.7,23.1,0.0012300123001230013,0.033479692645444564,0.3968166849615807,0.20417124039517015,0.06531284302963776,0.0
44,06075020100,1,60750201002017,5911.0,3468.0,1.84,2017,1939.0,2011.0,29.2,31.7,0.0002883506343713956,0.05904246320419557,0.5046523430891559,0.16020977837929284,0.011503975638639825,0.012011503975638639
45,06075020200,2,60750202002017,6087.0,3438.0,1.87,2017,1939.0,2010.0,35.4,22.9,0.0005817335660267597,0.06784951536060457,0.57466732380483,0.17693445046821094,0.0024642681123706258,0.007392804337111878
46,06075020200,1,60750202002018,4865.849557522124,2005.5221238938052,2.6429203539823014,2018,1943.2300884955753,2009.8230088495575,32.61946902654866,27.650442477876098,0.0013378127506082694,0.03984970200476138,0.4612551628561711,0.35964033238699916,0.0032973168606924546,0.0036228655193046716
47,06075020300,1,60750203002017,3413.0,1923.0,1.89,2017,1939.0,2009.0,44.3,20.4,0.0005200208008320333,0.03633167301494287,0.7011426897157925,0.12833284500439496,0.004980955171403457,0.0
48,06075020401,1,60750204012017,3290.0,1852.0,2.01,2017,1939.0,2011.0,40.0,19.8,0.0005399568034557236,0.017325227963525838,0.7468085106382979,0.15167173252279637,0.010638297872340425,0.0
49,06075020401,1,60750204012018,4865.849557522124,2005.5221238938052,2.6429203539823014,2018,1943.2300884955753,2009.8230088495575,32.61946902654866,27.650442477876098,0.0013378127506082694,0.03984970200476138,0.4612551628561711,0.35964033238699916,0.0032973168606924546,0.0036228655193046716
50,06075020402,1,60750204022017,4646.0,2738.0,1.85,2017,1966.0,2011.0,39.8,22.2,0.0003652300949598247,0.021093413689195005,0.6971588463194146,0.15647869134739562,0.0,0.0
51,06075020402,1,60750204022018,4865.849557522124,2005.5221238938052,2.6429203539823014,2018,1943.2300884955753,2009.8230088495575,32.61946902654866,27.650442477876098,0.0013378127506082694,0.03984970200476138,0.4612551628561711,0.35964033238699916,0.0032973168606924546,0.0036228655193046716
52,06075020500,2,60750205002017,2973.0,1443.0,2.08,2017,1939.0,2008.0,32.0,23.5,0.001386001386001386,0.022199798183652877,0.8156744029599731,0.1163807601749075,0.0,0.0
53,06075020500,1,60750205002018,4865.849557522124,2005.5221238938052,2.6429203539823014,2018,1943.2300884955753,2009.8230088495575,32.61946902654866,27.650442477876098,0.0013378127506082694,0.03984970200476138,0.4612551628561711,0.35964033238699916,0.0032973168606924546,0.0036228655193046716
54,06075020600,4,60750206002017,4953.0,2936.0,1.8,2017,1939.0,2010.0,34.3,22.5,0.0013623978201634877,0.024227740763173834,0.7664041994750657,0.10740965071673733,0.0,0.012315768221280032
55,06075020600,1,60750206002018,4865.849557522124,2005.5221238938052,2.6429203539823014,2018,1943.2300884955753,2009.8230088495575,32.61946902654866,27.650442477876098,0.0013378127506082694,0.03984970200476138,0.4612551628561711,0.35964033238699916,0.0032973168606924546,0.0036228655193046716
56,06075020700,3,60750207002017,5011.0,2887.0,1.93,2017,1939.0,2011.0,51.7,21.1,0.0010391409767925182,0.014168828577130314,0.698662941528637,0.11993614049091998,0.004589902215126721,0.0
57,06075020700,1,60750207002018,4865.849557522124,2005.5221238938052,2.6429203539823014,2018,1943.2300884955753,2009.8230088495575,32.61946902654866,27.650442477876098,0.0013378127506082694,0.03984970200476138,0.4612551628561711,0.35964033238699916,0.0032973168606924546,0.0036228655193046716
58,06075020800,3,60750208002017,6305.0,2858.0,2.2,2017,1939.0,2009.0,40.1,23.1,0.0010496850944716584,0.02696272799365583,0.5582870737509913,0.1627279936558287,0.01934972244250595,0.0019032513877874702
59,06075020800,1,60750208002018,4865.849557522124,2005.5221238938052,2.6429203539823014,2018,1943.2300884955753,2009.8230088495575,32.61946902654866,27.650442477876098,0.0013378127506082694,0.03984970200476138,0.4612551628561711,0.35964033238699916,0.0032973168606924546,0.0036228655193046716
60,06075020900,2,60750209002017,4816.0,1983.0,2.52,2017,1939.0,2009.0,31.2,26.2,0.0010085728693898135,0.02097176079734219,0.5278239202657807,0.14140365448504982,0.0035299003322259138,0.0
61,06075020900,3,60750209002018,4865.849557522124,2005.5221238938052,2.6429203539823014,2018,1943.2300884955753,2009.8230088495575,32.61946902654866,27.650442477876098,0.0013378127506082694,0.03984970200476138,0.4612551628561711,0.35964033238699916,0.0032973168606924546,0.0036228655193046716
62,06075021000,2,60750210002017,4835.0,2301.0,2.18,2017,1939.0,2007.0,40.8,21.8,0.000869187309865276,0.028335056876938988,0.709617373319545,0.10506721820062048,0.003722854188210962,0.0
63,06075021100,2,60750211002017,4246.0,2119.0,2.2,2017,1939.0,2010.0,34.2,19.7,0.0009438414346389807,0.005652378709373528,0.7715496938294866,0.12246820536975978,0.006358926048045219,0.0
64,06075021100,1,60750211002018,4865.849557522124,2005.5221238938052,2.6429203539823014,2018,1943.2300884955753,2009.8230088495575,32.61946902654866,27.650442477876098,0.0013378127506082694,0.03984970200476138,0.4612551628561711,0.35964033238699916,0.0032973168606924546,0.0036228655193046716
65,06075021200,3,60750212002017,3091.0,1565.0,2.11,2017,1939.0,2011.0,40.2,19.3,0.0019169329073482429,0.013264315755418959,0.7664186347460369,0.11840828210934973,0.00032351989647363315,0.0
66,06075021200,1,60750212002018,4865.849557522124,2005.5221238938052,2.6429203539823014,2018,1943.2300884955753,2009.8230088495575,32.61946902654866,27.650442477876098,0.0013378127506082694,0.03984970200476138,0.4612551628561711,0.35964033238699916,0.0032973168606924546,0.0036228655193046716
67,06075021400,2,60750214002017,3806.0,1838.0,2.22,2017,1939.0,2012.0,36.6,19.9,0.001088139281828074,0.006568575932737782,0.7816605359957961,0.1487125591171834,0.010772464529689963,0.009721492380451918
68,06075021400,2,60750214002018,4865.849557522124,2005.5221238938052,2.6429203539823014,2018,1943.2300884955753,2009.8230088495575,32.61946902654866,27.650442477876098,0.0013378127506082694,0.03984970200476138,0.4612551628561711,0.35964033238699916,0.0032973168606924546,0.0036228655193046716
69,06075021500,1,60750215002017,5155.0,2705.0,2.02,2017,1939.0,2011.0,36.4,24.5,0.0003696857670979667,0.03743937924345296,0.7549951503394763,0.10242483026188166,0.002521823472356935,0.0
70,06075021600,2,60750216002017,4372.0,2237.0,2.03,2017,1968.0,2012.0,34.1,22.7,0.000894054537326777,0.06381518755718207,0.6123055809698079,0.15942360475754802,0.017612076852698992,0.0
71,06075021600,1,60750216002018,4865.849557522124,2005.5221238938052,2.6429203539823014,2018,1943.2300884955753,2009.8230088495575,32.61946902654866,27.650442477876098,0.0013378127506082694,0.03984970200476138,0.4612551628561711,0.35964033238699916,0.0032973168606924546,0.0036228655193046716
72,06075021800,1,60750218002017,4075.0,1913.0,2.16,2017,1939.0,2010.0,33.6,21.6,0.0005227391531625719,0.03484662576687116,0.7541104294478528,0.1094478527607362,0.004417177914110429,0.0
73,06075021800,1,60750218002018,4865.849557522124,2005.5221238938052,2.6429203539823014,2018,1943.2300884955753,2009.8230088495575,32.61946902654866,27.650442477876098,0.0013378127506082694,0.03984970200476138,0.4612551628561711,0.35964033238699916,0.0032973168606924546,0.0036228655193046716
74,06075022704,5,60750227042017,3365.0,1787.0,2.1,2017,1944.0,2011.0,43.5,18.2,0.0027979854504756574,0.008023774145616641,0.762555720653789,0.15839524517087666,0.002674591381872214,0.0
75,06075022704,2,60750227042018,4865.849557522124,2005.5221238938052,2.6429203539823014,2018,1943.2300884955753,2009.8230088495575,32.61946902654866,27.650442477876098,0.0013378127506082694,0.03984970200476138,0.4612551628561711,0.35964033238699916,0.0032973168606924546,0.0036228655193046716
76,06075022801,4,60750228012017,5361.0,2004.0,2.74,2017,1939.0,2007.0,30.4,25.8,0.001996007984031936,0.014176459615743332,0.497668345457937,0.1557545234098116,0.0,0.0
77,06075022801,1,60750228012018,4865.849557522124,2005.5221238938052,2.6429203539823014,2018,1943.2300884955753,2009.8230088495575,32.61946902654866,27.650442477876098,0.0013378127506082694,0.03984970200476138,0.4612551628561711,0.35964033238699916,0.0032973168606924546,0.0036228655193046716
78,06075022803,4,60750228032017,4677.0,1643.0,2.93,2017,1939.0,2011.0,31.3,19.9,0.002434570906877663,0.02009835364549925,0.5805003207184093,0.12850117596750055,0.0,0.0
79,06075022803,4,60750228032018,4865.849557522124,2005.5221238938052,2.6429203539823014,2018,1943.2300884955753,2009.8230088495575,32.61946902654866,27.650442477876098,0.0013378127506082694,0.03984970200476138,0.4612551628561711,0.35964033238699916,0.0032973168606924546,0.0036228655193046716
80,06075022901,2,60750229012017,5392.0,1612.0,3.48,2017,1939.0,2007.0,26.1,27.3,0.0012406947890818859,0.019287833827893175,0.49276706231454004,0.07214391691394659,0.008160237388724036,0.0
81,06075022901,1,60750229012018,4865.849557522124,2005.5221238938052,2.6429203539823014,2018,1943.2300884955753,2009.8230088495575,32.61946902654866,27.650442477876098,0.0013378127506082694,0.03984970200476138,0.4612551628561711,0.35964033238699916,0.0032973168606924546,0.0036228655193046716
82,06075022902,3,60750229022018,4865.849557522124,2005.5221238938052,2.6429203539823014,2018,1943.2300884955753,2009.8230088495575,32.61946902654866,27.650442477876098,0.0013378127506082694,0.03984970200476138,0.4612551628561711,0.35964033238699916,0.0032973168606924546,0.0036228655193046716
83,06075022903,1,60750229032018,4865.849557522124,2005.5221238938052,2.6429203539823014,2018,1943.2300884955753,2009.8230088495575,32.61946902654866,27.650442477876098,0.0013378127506082694,0.03984970200476138,0.4612551628561711,0.35964033238699916,0.0032973168606924546,0.0036228655193046716
84,06075023001,2,60750230012017,5178.0,1428.0,3.95,2017,1945.0,2007.0,17.6,47.0,0.0014005602240896359,0.1037079953650058,0.09482425646967942,0.7508690614136733,0.002510621861722673,0.0
85,06075023001,2,60750230012018,4865.849557522124,2005.5221238938052,2.6429203539823014,2018,1943.2300884955753,2009.8230088495575,32.61946902654866,27.650442477876098,0.0013378127506082694,0.03984970200476138,0.4612551628561711,0.35964033238699916,0.0032973168606924546,0.0036228655193046716
86,06075023003,4,60750230032017,3921.0,1295.0,3.26,2017,1947.0,2008.0,23.8,44.6,0.003088803088803089,0.24203009436368272,0.1418005610813568,0.4761540423361387,0.0002550369803621525,0.0
87,06075023003,6,60750230032018,4865.849557522124,2005.5221238938052,2.6429203539823014,2018,1943.2300884955753,2009.8230088495575,32.61946902654866,27.650442477876098,0.0013378127506082694,0.03984970200476138,0.4612551628561711,0.35964033238699916,0.0032973168606924546,0.0036228655193046716
88,06075023102,1,60750231022017,4537.0,1582.0,2.93,2017,1976.0,2006.0,12.2,32.4,0.0006321112515802782,0.6175887150099184,0.04297994269340974,0.14811549482036587,0.0,0.06039232973330395
89,06075023200,4,60750232002017,4456.0,1363.0,3.62,2017,1944.0,2011.0,13.3,48.8,0.00293470286133529,0.30498204667863554,0.21072710951526033,0.125,0.0013464991023339318,0.005385996409335727
90,06075023200,2,60750232002018,4865.849557522124,2005.5221238938052,2.6429203539823014,2018,1943.2300884955753,2009.8230088495575,32.61946902654866,27.650442477876098,0.0013378127506082694,0.03984970200476138,0.4612551628561711,0.35964033238699916,0.0032973168606924546,0.0036228655193046716
91,06075023400,5,60750234002017,3432.0,1030.0,3.77,2017,1950.0,2006.0,12.4,28.8,0.0048543689320388345,0.2494172494172494,0.09731934731934731,0.17424242424242425,0.0,0.0775058275058275
92,06075025100,1,60750251002017,3788.0,1391.0,2.78,2017,1950.0,2011.0,35.6,20.4,0.0007189072609633358,0.06863780359028511,0.6729144667370645,0.13991552270327348,0.012407602956705385,0.003695881731784583
93,06075025200,1,60750252002017,5809.0,2318.0,2.73,2017,1939.0,2012.0,31.8,24.3,0.0004314063848144953,0.017903253572043382,0.7689791702530556,0.09795145463935273,0.002926493372353245,0.003270786710277156
94,06075025200,1,60750252002018,4865.849557522124,2005.5221238938052,2.6429203539823014,2018,1943.2300884955753,2009.8230088495575,32.61946902654866,27.650442477876098,0.0013378127506082694,0.03984970200476138,0.4612551628561711,0.35964033238699916,0.0032973168606924546,0.0036228655193046716
95,06075025300,2,60750253002017,4634.0,1951.0,2.55,2017,1939.0,2011.0,32.5,23.2,0.0010251153254741158,0.02330599913681485,0.620845921450151,0.10228744065602072,0.0062580923608113945,0.0
96,06075025300,1,60750253002018,4865.849557522124,2005.5221238938052,2.6429203539823014,2018,1943.2300884955753,2009.8230088495575,32.61946902654866,27.650442477876098,0.0013378127506082694,0.03984970200476138,0.4612551628561711,0.35964033238699916,0.0032973168606924546,0.0036228655193046716
97,06075025401,1,60750254012017,4171.0,1413.0,3.06,2017,1939.0,2010.0,29.3,22.6,0.0007077140835102619,0.02781107648046032,0.4840565811555982,0.11627906976744186,0.0002397506593143131,0.0
98,06075025401,1,60750254012018,4865.849557522124,2005.5221238938052,2.6429203539823014,2018,1943.2300884955753,2009.8230088495575,32.61946902654866,27.650442477876098,0.0013378127506082694,0.03984970200476138,0.4612551628561711,0.35964033238699916,0.0032973168606924546,0.0036228655193046716
99,06075025402,1,60750254022017,3249.0,1167.0,2.92,2017,1946.0,2011.0,30.0,33.6,0.000856898029134533,0.03262542320714066,0.4961526623576485,0.311788242536165,0.02277623884272084,0.0
100,06075025402,1,60750254022018,4865.849557522124,2005.5221238938052,2.6429203539823014,2018,1943.2300884955753,2009.8230088495575,32.61946902654866,27.650442477876098,0.0013378127506082694,0.03984970200476138,0.4612551628561711,0.35964033238699916,0.0032973168606924546,0.0036228655193046716
101,06075025403,5,60750254032017,5054.0,1567.0,3.56,2017,1943.0,2010.0,21.0,26.3,0.003190810465858328,0.10071230708349822,0.36505738029283735,0.2560348239018599,0.0051444400474871385,0.0
102,06075025403,3,60750254032018,4865.849557522124,2005.5221238938052,2.6429203539823014,2018,1943.2300884955753,2009.8230088495575,32.61946902654866,27.650442477876098,0.0013378127506082694,0.03984970200476138,0.4612551628561711,0.35964033238699916,0.0032973168606924546,0.0036228655193046716
103,06075025500,3,60750255002017,9366.0,2772.0,3.34,2017,1939.0,2009.0,27.6,40.7,0.0010822510822510823,0.01046337817638266,0.3229767243220158,0.4146914371129618,0.0,0.0
104,06075025500,4,60750255002018,4865.849557522124,2005.5221238938052,2.6429203539823014,2018,1943.2300884955753,2009.8230088495575,32.61946902654866,27.650442477876098,0.0013378127506082694,0.03984970200476138,0.4612551628561711,0.35964033238699916,0.0032973168606924546,0.0036228655193046716
105,06075025600,3,60750256002017,5503.0,1738.0,3.42,2017,1946.0,2009.0,20.6,33.3,0.0017261219792865361,0.025440668726149373,0.24386698164637471,0.5715064510267127,0.015446120298019263,0.0
106,06075025600,1,60750256002018,4865.849557522124,2005.5221238938052,2.6429203539823014,2018,1943.2300884955753,2009.8230088495575,32.61946902654866,27.650442477876098,0.0013378127506082694,0.03984970200476138,0.4612551628561711,0.35964033238699916,0.0032973168606924546,0.0036228655193046716
107,06075025701,4,60750257012017,5301.0,1511.0,3.6,2017,1949.0,2007.0,22.7,41.7,0.0026472534745201853,0.02867383512544803,0.16185625353706848,0.6419543482361818,0.00207508017355216,0.0009432182607055273
108,06075025702,3,60750257022017,4698.0,1355.0,3.69,2017,1943.0,2006.0,11.1,35.3,0.002214022140221402,0.03022562792677735,0.10940825883354618,0.5891868880374628,0.002979991485738612,0.012984248616432525
109,06075025702,3,60750257022018,4865.849557522124,2005.5221238938052,2.6429203539823014,2018,1943.2300884955753,2009.8230088495575,32.61946902654866,27.650442477876098,0.0013378127506082694,0.03984970200476138,0.4612551628561711,0.35964033238699916,0.0032973168606924546,0.0036228655193046716
110,06075025800,2,60750258002017,1853.0,647.0,2.89,2017,1945.0,2011.0,20.4,37.1,0.0030911901081916537,0.07987048030221262,0.23691311386940098,0.4905558553696708,0.024284943335132217,0.0
111,06075025900,1,60750259002017,4897.0,1492.0,3.23,2017,1959.0,2010.0,26.9,41.2,0.0006702412868632708,0.08494996936900143,0.30385950581988974,0.47008372472942617,0.003675719828466408,0.0
112,06075026001,2,60750260012017,5940.0,1699.0,3.66,2017,1939.0,2005.0,18.8,45.3,0.0011771630370806356,0.03080808080808081,0.3119528619528619,0.3717171717171717,0.005555555555555556,0.0
113,06075026001,3,60750260012018,4865.849557522124,2005.5221238938052,2.6429203539823014,2018,1943.2300884955753,2009.8230088495575,32.61946902654866,27.650442477876098,0.0013378127506082694,0.03984970200476138,0.4612551628561711,0.35964033238699916,0.0032973168606924546,0.0036228655193046716
114,06075026002,1,60750260022017,3570.0,1048.0,3.25,2017,1951.0,2011.0,25.2,28.1,0.0009541984732824427,0.06750700280112044,0.3445378151260504,0.3677871148459384,0.004761904761904762,0.0
115,06075026003,2,60750260032017,5342.0,1446.0,3.72,2017,1943.0,2007.0,15.6,34.0,0.0013831258644536654,0.013290902283788843,0.2283788843129914,0.43710220891052043,0.00711344065892924,0.0
116,06075026004,2,60750260042017,5043.0,1308.0,3.88,2017,1939.0,2007.0,18.5,37.2,0.0015290519877675841,0.018441403926234383,0.24786833234186,0.45687091017251635,0.010311322625421376,0.002379535990481856
117,06075026004,2,60750260042018,4865.849557522124,2005.5221238938052,2.6429203539823014,2018,1943.2300884955753,2009.8230088495575,32.61946902654866,27.650442477876098,0.0013378127506082694,0.03984970200476138,0.4612551628561711,0.35964033238699916,0.0032973168606924546,0.0036228655193046716
118,06075026100,3,60750261002017,7310.0,2048.0,3.59,2017,1939.0,2009.0,21.4,38.5,0.00146484375,0.012722298221614227,0.14979480164158687,0.5983584131326949,0.0025991792065663474,0.002051983584131327
119,06075026100,2,60750261002018,4865.849557522124,2005.5221238938052,2.6429203539823014,2018,1943.2300884955753,2009.8230088495575,32.61946902654866,27.650442477876098,0.0013378127506082694,0.03984970200476138,0.4612551628561711,0.35964033238699916,0.0032973168606924546,0.0036228655193046716
120,06075026200,5,60750262002017,7806.0,2113.0,3.84,2017,1943.0,2008.0,19.5,29.6,0.00236630383341221,0.007686395080707148,0.1355367665898027,0.6789648987957981,0.006789648987957981,0.0
121,06075026200,3,60750262002018,4865.849557522124,2005.5221238938052,2.6429203539823014,2018,1943.2300884955753,2009.8230088495575,32.61946902654866,27.650442477876098,0.0013378127506082694,0.03984970200476138,0.4612551628561711,0.35964033238699916,0.0032973168606924546,0.0036228655193046716
122,06075026301,4,60750263012017,5084.0,1415.0,3.67,2017,1939.0,2007.0,20.2,28.3,0.0028268551236749115,0.0033438237608182536,0.2112509834775767,0.6329661683713611,0.0053107789142407555,0.0
123,06075026301,1,60750263012018,4865.849557522124,2005.5221238938052,2.6429203539823014,2018,1943.2300884955753,2009.8230088495575,32.61946902654866,27.650442477876098,0.0013378127506082694,0.03984970200476138,0.4612551628561711,0.35964033238699916,0.0032973168606924546,0.0036228655193046716
124,06075026302,3,60750263022017,5149.0,1591.0,3.35,2017,1950.0,2008.0,21.8,26.5,0.0018856065367693275,0.023111283744416393,0.20916682851039037,0.5738978442416003,0.0,0.0
125,06075026303,6,60750263032017,4783.0,1373.0,3.79,2017,1955.0,2010.0,18.8,41.1,0.004369992716678805,0.0029270332427346855,0.19966548191511604,0.5356470834204474,0.0012544428183148652,0.0
126,06075026303,1,60750263032018,4865.849557522124,2005.5221238938052,2.6429203539823014,2018,1943.2300884955753,2009.8230088495575,32.61946902654866,27.650442477876098,0.0013378127506082694,0.03984970200476138,0.4612551628561711,0.35964033238699916,0.0032973168606924546,0.0036228655193046716
127,06075026401,1,60750264012017,3587.0,1077.0,3.45,2017,1951.0,2010.0,11.4,43.7,0.0009285051067780873,0.08586562587120156,0.07610816838583774,0.6685252299972122,0.0,0.0039029829941455256
128,06075026401,1,60750264012018,4865.849557522124,2005.5221238938052,2.6429203539823014,2018,1943.2300884955753,2009.8230088495575,32.61946902654866,27.650442477876098,0.0013378127506082694,0.03984970200476138,0.4612551628561711,0.35964033238699916,0.0032973168606924546,0.0036228655193046716
129,06075026402,3,60750264022017,5120.0,1253.0,4.17,2017,1954.0,2007.0,16.9,33.9,0.0023942537909018356,0.08046875,0.1396484375,0.489453125,0.0033203125,0.0
130,06075026403,1,60750264032017,3945.0,1217.0,3.37,2017,1956.0,2011.0,12.7,41.7,0.0008216926869350862,0.01875792141951838,0.14879594423320658,0.6605830164765526,0.001520912547528517,0.007097591888466414
131,06075026403,3,60750264032018,4865.849557522124,2005.5221238938052,2.6429203539823014,2018,1943.2300884955753,2009.8230088495575,32.61946902654866,27.650442477876098,0.0013378127506082694,0.03984970200476138,0.4612551628561711,0.35964033238699916,0.0032973168606924546,0.0036228655193046716
132,06075030101,2,60750301012017,4893.0,2239.0,2.21,2017,1939.0,2011.0,42.2,21.6,0.0008932559178204555,0.01655426118945432,0.624770079705702,0.23543838136112813,0.005722460658082976,0.00592683425301451
133,06075030101,1,60750301012018,4865.849557522124,2005.5221238938052,2.6429203539823014,2018,1943.2300884955753,2009.8230088495575,32.61946902654866,27.650442477876098,0.0013378127506082694,0.03984970200476138,0.4612551628561711,0.35964033238699916,0.0032973168606924546,0.0036228655193046716
134,06075030102,2,60750301022017,5090.0,2402.0,2.04,2017,1963.0,2012.0,40.1,22.0,0.0008326394671107411,0.01512770137524558,0.7216110019646366,0.1919449901768173,0.003143418467583497,0.0
135,06075030102,2,60750301022018,4865.849557522124,2005.5221238938052,2.6429203539823014,2018,1943.2300884955753,2009.8230088495575,32.61946902654866,27.650442477876098,0.0013378127506082694,0.03984970200476138,0.4612551628561711,0.35964033238699916,0.0032973168606924546,0.0036228655193046716
136,06075030201,1,60750302012017,4454.0,1983.0,2.33,2017,1939.0,2011.0,45.0,23.6,0.0005042864346949068,0.006286484059272564,0.4932644813650651,0.38078132016165245,0.0,0.0
137,06075030201,1,60750302012018,4865.849557522124,2005.5221238938052,2.6429203539823014,2018,1943.2300884955753,2009.8230088495575,32.61946902654866,27.650442477876098,0.0013378127506082694,0.03984970200476138,0.4612551628561711,0.35964033238699916,0.0032973168606924546,0.0036228655193046716
138,06075030202,1,60750302022018,4865.849557522124,2005.5221238938052,2.6429203539823014,2018,1943.2300884955753,2009.8230088495575,32.61946902654866,27.650442477876098,0.0013378127506082694,0.03984970200476138,0.4612551628561711,0.35964033238699916,0.0032973168606924546,0.0036228655193046716
139,06075030301,2,60750303012017,5907.0,2624.0,2.47,2017,1949.0,2011.0,34.1,25.7,0.0007621951219512195,0.02031488065007618,0.45606907059421026,0.43050617910953104,0.0,0.0
140,06075030301,1,60750303012018,4865.849557522124,2005.5221238938052,2.6429203539823014,2018,1943.2300884955753,2009.8230088495575,32.61946902654866,27.650442477876098,0.0013378127506082694,0.03984970200476138,0.4612551628561711,0.35964033238699916,0.0032973168606924546,0.0036228655193046716
141,06075030302,1,60750303022017,4108.0,1497.0,2.76,2017,1940.0,2010.0,41.5,28.1,0.0006680026720106881,0.03359298928919182,0.4160175267770205,0.5138753651411879,0.0,0.0
142,06075030302,1,60750303022018,4865.849557522124,2005.5221238938052,2.6429203539823014,2018,1943.2300884955753,2009.8230088495575,32.61946902654866,27.650442477876098,0.0013378127506082694,0.03984970200476138,0.4612551628561711,0.35964033238699916,0.0032973168606924546,0.0036228655193046716
143,06075030400,2,60750304002017,5626.0,2088.0,2.81,2017,1939.0,2011.0,32.0,27.2,0.0009578544061302681,0.026661926768574477,0.5090650551013153,0.36260220405261284,0.001066477070742979,0.006576608602915038
144,06075030400,2,60750304002018,4865.849557522124,2005.5221238938052,2.6429203539823014,2018,1943.2300884955753,2009.8230088495575,32.61946902654866,27.650442477876098,0.0013378127506082694,0.03984970200476138,0.4612551628561711,0.35964033238699916,0.0032973168606924546,0.0036228655193046716
145,06075030700,1,60750307002017,6964.0,2862.0,2.55,2017,1953.0,2012.0,33.1,20.9,0.00034940600978336826,0.03015508328546812,0.5863009764503159,0.2828834003446295,0.006318207926479035,0.0
146,06075030700,1,60750307002018,4865.849557522124,2005.5221238938052,2.6429203539823014,2018,1943.2300884955753,2009.8230088495575,32.61946902654866,27.650442477876098,0.0013378127506082694,0.03984970200476138,0.4612551628561711,0.35964033238699916,0.0032973168606924546,0.0036228655193046716
147,06075031100,3,60750311002017,6726.0,2653.0,2.77,2017,1939.0,2011.0,39.9,20.9,0.0011307953260459858,0.023788284269997028,0.5590246803449301,0.2766874814154029,0.0,0.001784121320249777
148,06075031100,4,60750311002018,4865.849557522124,2005.5221238938052,2.6429203539823014,2018,1943.2300884955753,2009.8230088495575,32.61946902654866,27.650442477876098,0.0013378127506082694,0.03984970200476138,0.4612551628561711,0.35964033238699916,0.0032973168606924546,0.0036228655193046716
149,06075031201,2,60750312012018,4865.849557522124,2005.5221238938052,2.6429203539823014,2018,1943.2300884955753,2009.8230088495575,32.61946902654866,27.650442477876098,0.0013378127506082694,0.03984970200476138,0.4612551628561711,0.35964033238699916,0.0032973168606924546,0.0036228655193046716
150,06075031202,6,60750312022017,3451.0,922.0,3.92,2017,1941.0,2011.0,19.3,27.6,0.006507592190889371,0.16487974500144886,0.10721529991306868,0.5812807881773399,0.0017386264850767893,0.008113590263691683
151,06075031202,2,60750312022018,4865.849557522124,2005.5221238938052,2.6429203539823014,2018,1943.2300884955753,2009.8230088495575,32.61946902654866,27.650442477876098,0.0013378127506082694,0.03984970200476138,0.4612551628561711,0.35964033238699916,0.0032973168606924546,0.0036228655193046716
152,06075031302,5,60750313022017,6225.0,2003.0,3.2,2017,1952.0,2011.0,23.6,33.4,0.0024962556165751375,0.1029718875502008,0.19453815261044177,0.593574297188755,0.0,0.0
153,06075031400,3,60750314002017,6915.0,1967.0,3.61,2017,1944.0,2010.0,14.9,47.8,0.001525165226232842,0.14981923355025306,0.18047722342733188,0.5434562545191612,0.006073752711496746,0.0021691973969631237
154,06075031400,1,60750314002018,4865.849557522124,2005.5221238938052,2.6429203539823014,2018,1943.2300884955753,2009.8230088495575,32.61946902654866,27.650442477876098,0.0013378127506082694,0.03984970200476138,0.4612551628561711,0.35964033238699916,0.0032973168606924546,0.0036228655193046716
155,06075032601,3,60750326012017,5178.0,1912.0,2.86,2017,1942.0,2010.0,39.6,24.0,0.0015690376569037657,0.016801853997682505,0.35341830822711473,0.5183468520664349,0.004441869447663191,0.0
156,06075032601,2,60750326012018,4865.849557522124,2005.5221238938052,2.6429203539823014,2018,1943.2300884955753,2009.8230088495575,32.61946902654866,27.650442477876098,0.0013378127506082694,0.03984970200476138,0.4612551628561711,0.35964033238699916,0.0032973168606924546,0.0036228655193046716
157,06075032602,5,60750326022017,5047.0,1813.0,2.81,2017,1939.0,2011.0,30.1,31.7,0.0027578599007170436,0.0019813750743015654,0.306320586487022,0.5791559342183475,0.0,0.0
158,06075032602,2,60750326022018,4865.849557522124,2005.5221238938052,2.6429203539823014,2018,1943.2300884955753,2009.8230088495575,32.61946902654866,27.650442477876098,0.0013378127506082694,0.03984970200476138,0.4612551628561711,0.35964033238699916,0.0032973168606924546,0.0036228655193046716
159,06075032700,7,60750327002017,7215.0,2646.0,2.9,2017,1939.0,2012.0,36.8,26.5,0.0026455026455026454,0.0001386001386001386,0.362993762993763,0.5362439362439363,0.0,0.010949410949410949
160,06075032700,1,60750327002018,4865.849557522124,2005.5221238938052,2.6429203539823014,2018,1943.2300884955753,2009.8230088495575,32.61946902654866,27.650442477876098,0.0013378127506082694,0.03984970200476138,0.4612551628561711,0.35964033238699916,0.0032973168606924546,0.0036228655193046716
161,06075032801,5,60750328012017,4505.0,1586.0,2.96,2017,1939.0,2011.0,30.8,26.6,0.0031525851197982345,0.022641509433962263,0.33784683684794675,0.5951165371809101,0.0011098779134295228,0.0
162,06075032801,2,60750328012018,4865.849557522124,2005.5221238938052,2.6429203539823014,2018,1943.2300884955753,2009.8230088495575,32.61946902654866,27.650442477876098,0.0013378127506082694,0.03984970200476138,0.4612551628561711,0.35964033238699916,0.0032973168606924546,0.0036228655193046716
163,06075032802,1,60750328022017,4226.0,1601.0,2.76,2017,1944.0,2011.0,33.5,43.8,0.0006246096189881324,0.024609559867486985,0.2513014671083767,0.6478939895882632,0.001893043066729768,0.00236630383341221
164,06075032802,1,60750328022018,4865.849557522124,2005.5221238938052,2.6429203539823014,2018,1943.2300884955753,2009.8230088495575,32.61946902654866,27.650442477876098,0.0013378127506082694,0.03984970200476138,0.4612551628561711,0.35964033238699916,0.0032973168606924546,0.0036228655193046716
165,06075032901,2,60750329012017,5878.0,1869.0,3.27,2017,1942.0,2012.0,32.6,30.3,0.001070090957731407,0.006975161619598503,0.2858115005103777,0.6107519564477714,0.0,0.005784280367471929
166,06075032902,1,60750329022017,4423.0,1447.0,3.18,2017,1945.0,2009.0,32.0,17.2,0.000691085003455425,0.012887180646619941,0.26045670359484513,0.6866380284874519,0.0,0.0
167,06075032902,2,60750329022018,4865.849557522124,2005.5221238938052,2.6429203539823014,2018,1943.2300884955753,2009.8230088495575,32.61946902654866,27.650442477876098,0.0013378127506082694,0.03984970200476138,0.4612551628561711,0.35964033238699916,0.0032973168606924546,0.0036228655193046716
168,06075033000,1,60750330002017,8390.0,2898.0,3.0,2017,1941.0,2011.0,30.2,28.9,0.0003450655624568668,0.007032181168057211,0.37532777115613825,0.5648390941597139,0.005363528009535161,0.0
169,06075033000,1,60750330002018,4865.849557522124,2005.5221238938052,2.6429203539823014,2018,1943.2300884955753,2009.8230088495575,32.61946902654866,27.650442477876098,0.0013378127506082694,0.03984970200476138,0.4612551628561711,0.35964033238699916,0.0032973168606924546,0.0036228655193046716
170,06075033100,1,60750331002017,3978.0,1567.0,2.79,2017,1950.0,2011.0,35.1,34.0,0.0006381620931716656,0.007541478129713424,0.36173956762192055,0.5879839115133233,0.0,0.0
171,06075035100,7,60750351002017,9020.0,2977.0,3.16,2017,1946.0,2011.0,35.7,28.0,0.0023513604299630502,0.006541019955654102,0.3257206208425721,0.5580931263858093,0.005764966740576497,0.0
172,06075035100,4,60750351002018,4865.849557522124,2005.5221238938052,2.6429203539823014,2018,1943.2300884955753,2009.8230088495575,32.61946902654866,27.650442477876098,0.0013378127506082694,0.03984970200476138,0.4612551628561711,0.35964033238699916,0.0032973168606924546,0.0036228655193046716
173,06075035201,1,60750352012017,6180.0,2035.0,3.15,2017,1948.0,2011.0,27.4,24.5,0.0004914004914004914,0.0012944983818770227,0.3838187702265372,0.5485436893203883,0.00016181229773462783,0.0
174,06075035201,3,60750352012018,4865.849557522124,2005.5221238938052,2.6429203539823014,2018,1943.2300884955753,2009.8230088495575,32.61946902654866,27.650442477876098,0.0013378127506082694,0.03984970200476138,0.4612551628561711,0.35964033238699916,0.0032973168606924546,0.0036228655193046716
175,06075035202,1,60750352022017,4911.0,1950.0,2.58,2017,1952.0,2011.0,33.2,28.8,0.0005128205128205128,0.025249440032579923,0.44329057218489104,0.40134392180818573,0.0,0.04092852779474649
176,06075035202,1,60750352022018,4865.849557522124,2005.5221238938052,2.6429203539823014,2018,1943.2300884955753,2009.8230088495575,32.61946902654866,27.650442477876098,0.0013378127506082694,0.03984970200476138,0.4612551628561711,0.35964033238699916,0.0032973168606924546,0.0036228655193046716
177,06075035300,3,60750353002017,7510.0,2625.0,2.85,2017,1948.0,2009.0,27.3,45.2,0.001142857142857143,0.009587217043941412,0.2881491344873502,0.6254327563249001,0.0017310252996005327,0.002529960053262317
178,06075035300,3,60750353002018,4865.849557522124,2005.5221238938052,2.6429203539823014,2018,1943.2300884955753,2009.8230088495575,32.61946902654866,27.650442477876098,0.0013378127506082694,0.03984970200476138,0.4612551628561711,0.35964033238699916,0.0032973168606924546,0.0036228655193046716
179,06075035400,2,60750354002017,7075.0,2612.0,2.8,2017,1946.0,2002.0,30.2,25.4,0.0007656967840735069,0.01823321554770318,0.3478445229681979,0.5020494699646643,0.0,0.0
180,06075035400,2,60750354002018,4865.849557522124,2005.5221238938052,2.6429203539823014,2018,1943.2300884955753,2009.8230088495575,32.61946902654866,27.650442477876098,0.0013378127506082694,0.03984970200476138,0.4612551628561711,0.35964033238699916,0.0032973168606924546,0.0036228655193046716
181,06075040100,10,60750401002017,4670.0,2025.0,2.38,2017,1939.0,2011.0,37.1,24.2,0.0049382716049382715,0.012419700214132762,0.5770877944325482,0.37259100642398285,0.0,0.003854389721627409
182,06075040100,2,60750401002018,4865.849557522124,2005.5221238938052,2.6429203539823014,2018,1943.2300884955753,2009.8230088495575,32.61946902654866,27.650442477876098,0.0013378127506082694,0.03984970200476138,0.4612551628561711,0.35964033238699916,0.0032973168606924546,0.0036228655193046716
183,06075040200,2,60750402002017,5633.0,2597.0,2.37,2017,1939.0,2010.0,38.8,27.7,0.0007701193685021178,0.002130303568258477,0.5716314574826913,0.33445766021658085,0.0,0.0
184,06075040200,3,60750402002018,4865.849557522124,2005.5221238938052,2.6429203539823014,2018,1943.2300884955753,2009.8230088495575,32.61946902654866,27.650442477876098,0.0013378127506082694,0.03984970200476138,0.4612551628561711,0.35964033238699916,0.0032973168606924546,0.0036228655193046716
185,06075042601,3,60750426012018,4865.849557522124,2005.5221238938052,2.6429203539823014,2018,1943.2300884955753,2009.8230088495575,32.61946902654866,27.650442477876098,0.0013378127506082694,0.03984970200476138,0.4612551628561711,0.35964033238699916,0.0032973168606924546,0.0036228655193046716
186,06075042602,2,60750426022017,3157.0,1612.0,2.2,2017,1939.0,2010.0,36.7,21.8,0.0012406947890818859,0.009185936015204309,0.5758631612290149,0.3259423503325942,0.0,0.0
187,06075042700,1,60750427002017,5397.0,2687.0,2.12,2017,1949.0,2010.0,28.7,29.0,0.0003721622627465575,0.05076894571057995,0.39966648137854366,0.4832314248656661,0.0,0.005373355567908097
188,06075042700,2,60750427002018,4865.849557522124,2005.5221238938052,2.6429203539823014,2018,1943.2300884955753,2009.8230088495575,32.61946902654866,27.650442477876098,0.0013378127506082694,0.03984970200476138,0.4612551628561711,0.35964033238699916,0.0032973168606924546,0.0036228655193046716
189,06075042800,1,60750428002018,4865.849557522124,2005.5221238938052,2.6429203539823014,2018,1943.2300884955753,2009.8230088495575,32.61946902654866,27.650442477876098,0.0013378127506082694,0.03984970200476138,0.4612551628561711,0.35964033238699916,0.0032973168606924546,0.0036228655193046716
190,06075045100,1,60750451002017,5139.0,2272.0,2.42,2017,1939.0,2011.0,38.7,24.4,0.00044014084507042255,0.020626581046896283,0.5316209379256664,0.37011091652072386,0.0013621327106440942,0.0
191,06075045200,2,60750452002017,7113.0,3018.0,2.35,2017,1939.0,2010.0,39.5,28.1,0.0006626905235255136,0.037115141290594685,0.47757626880359905,0.3835231266694784,0.0,0.0
192,06075045200,2,60750452002018,4865.849557522124,2005.5221238938052,2.6429203539823014,2018,1943.2300884955753,2009.8230088495575,32.61946902654866,27.650442477876098,0.0013378127506082694,0.03984970200476138,0.4612551628561711,0.35964033238699916,0.0032973168606924546,0.0036228655193046716
193,06075047600,6,60750476002017,5660.0,2429.0,2.47,2017,1939.0,2009.0,35.5,27.7,0.002470152326060107,0.012720848056537103,0.4295053003533569,0.48692579505300354,0.00017667844522968197,0.01060070671378092
194,06075047600,5,60750476002018,4865.849557522124,2005.5221238938052,2.6429203539823014,2018,1943.2300884955753,2009.8230088495575,32.61946902654866,27.650442477876098,0.0013378127506082694,0.03984970200476138,0.4612551628561711,0.35964033238699916,0.0032973168606924546,0.0036228655193046716
195,06075047701,1,60750477012017,4342.0,2068.0,2.23,2017,1939.0,2004.0,35.8,27.4,0.00048355899419729207,0.0,0.42952556425610317,0.46338093044679873,0.0,0.017273146015660986
196,06075047701,1,60750477012018,4865.849557522124,2005.5221238938052,2.6429203539823014,2018,1943.2300884955753,2009.8230088495575,32.61946902654866,27.650442477876098,0.0013378127506082694,0.03984970200476138,0.4612551628561711,0.35964033238699916,0.0032973168606924546,0.0036228655193046716
197,06075047702,4,60750477022017,4054.0,1705.0,2.63,2017,1939.0,2007.0,34.7,27.0,0.002346041055718475,0.005180069067587568,0.4496793290577208,0.48840651208682784,0.0,0.0
198,06075047702,2,60750477022018,4865.849557522124,2005.5221238938052,2.6429203539823014,2018,1943.2300884955753,2009.8230088495575,32.61946902654866,27.650442477876098,0.0013378127506082694,0.03984970200476138,0.4612551628561711,0.35964033238699916,0.0032973168606924546,0.0036228655193046716
199,06075047801,3,60750478012017,4134.0,1791.0,2.46,2017,1939.0,2010.0,37.6,26.1,0.0016750418760469012,0.011127237542331882,0.4204160619254959,0.48597000483792935,0.0024189646831156266,0.0
200,06075047801,1,60750478012018,4865.849557522124,2005.5221238938052,2.6429203539823014,2018,1943.2300884955753,2009.8230088495575,32.61946902654866,27.650442477876098,0.0013378127506082694,0.03984970200476138,0.4612551628561711,0.35964033238699916,0.0032973168606924546,0.0036228655193046716
201,06075047802,3,60750478022017,3892.0,1625.0,2.67,2017,1942.0,2010.0,33.3,28.8,0.0018461538461538461,0.003083247687564234,0.34969167523124356,0.5614080164439876,0.008735868448098663,0.0028263103802672147
202,06075047802,2,60750478022018,4865.849557522124,2005.5221238938052,2.6429203539823014,2018,1943.2300884955753,2009.8230088495575,32.61946902654866,27.650442477876098,0.0013378127506082694,0.03984970200476138,0.4612551628561711,0.35964033238699916,0.0032973168606924546,0.0036228655193046716
203,06075047901,7,60750479012017,7113.0,2858.0,2.64,2017,1945.0,2008.0,32.7,29.4,0.00244926522043387,0.023337550963025446,0.43989877688738926,0.4787009700548292,0.0,0.0
204,06075047901,2,60750479012018,4865.849557522124,2005.5221238938052,2.6429203539823014,2018,1943.2300884955753,2009.8230088495575,32.61946902654866,27.650442477876098,0.0013378127506082694,0.03984970200476138,0.4612551628561711,0.35964033238699916,0.0032973168606924546,0.0036228655193046716
205,06075047902,1,60750479022017,3858.0,1635.0,2.49,2017,1939.0,2010.0,29.6,31.7,0.0006116207951070336,0.005443234836702955,0.45023328149300157,0.40176257128045617,0.0,0.0
206,06075061100,1,60750611002017,4572.0,2284.0,2.17,2017,1939.0,2007.0,7.8,33.0,0.00043782837127845885,0.008092738407699038,0.05927384076990376,0.9138232720909887,0.004155730533683289,0.011592300962379702
