Geoid,prediction,STATEFP,COUNTYFP,TRACTCE,AFFGEOID,GEOID,NAME,LSAD,ALAND,AWATER,geometry,Geoid_int
6075010200,0.0011282789,06,075,010200,1400000US06075010200,06075010200,102,CT,515959,295388,"POLYGON ((-122.426671 37.809639, -122.424876 37.810799, -122.425041162157 37.811001508766, -122.420612315115 37.8111121700604, -122.419224 37.808453, -122.418718 37.805932, -122.418281 37.804023, -122.417799 37.801267, -122.417587 37.800341, -122.420769 37.79993899999999, -122.420883 37.799902, -122.424275 37.799472, -122.424464 37.800402, -122.424835 37.802268, -122.425209 37.804133, -122.425628 37.806456, -122.426613 37.808152, -122.426671 37.809639))",6075010200
6075010300,0.0009916181,06,075,010300,1400000US06075010300,06075010300,103,CT,268266,0,"POLYGON ((-122.418718 37.805932, -122.416888 37.805212, -122.414877 37.803542, -122.412908 37.802184, -122.412849 37.801893, -122.412471 37.800032, -122.412283 37.799096, -122.417218 37.798472, -122.417385 37.799414, -122.417587 37.800341, -122.417799 37.801267, -122.418281 37.804023, -122.418718 37.805932))",6075010300
6075010300,0.001159184,06,075,010300,1400000US06075010300,06075010300,103,CT,268266,0,"POLYGON ((-122.418718 37.805932, -122.416888 37.805212, -122.414877 37.803542, -122.412908 37.802184, -122.412849 37.801893, -122.412471 37.800032, -122.412283 37.799096, -122.417218 37.798472, -122.417385 37.799414, -122.417587 37.800341, -122.417799 37.801267, -122.418281 37.804023, -122.418718 37.805932))",6075010300
6075010400,0.0013095854,06,075,010400,1400000US06075010400,06075010400,104,CT,335744,0,"POLYGON ((-122.414877 37.803542, -122.411581 37.803963, -122.408332 37.804367, -122.406625 37.804535, -122.405174 37.804763, -122.404798 37.802901, -122.40316 37.803098, -122.40279 37.80124199999999, -122.402421 37.799382, -122.405645 37.798969, -122.406024 37.800835, -122.406199 37.80172, -122.40777 37.801571, -122.411019 37.80117, -122.411376 37.801125, -122.412908 37.802184, -122.414877 37.803542))",6075010400
6075010400,0.0013623303,06,075,010400,1400000US06075010400,06075010400,104,CT,335744,0,"POLYGON ((-122.414877 37.803542, -122.411581 37.803963, -122.408332 37.804367, -122.406625 37.804535, -122.405174 37.804763, -122.404798 37.802901, -122.40316 37.803098, -122.40279 37.80124199999999, -122.402421 37.799382, -122.405645 37.798969, -122.406024 37.800835, -122.406199 37.80172, -122.40777 37.801571, -122.411019 37.80117, -122.411376 37.801125, -122.412908 37.802184, -122.414877 37.803542))",6075010400
6075010600,0.0018151851,06,075,010600,1400000US06075010600,06075010600,106,CT,187223,0,"POLYGON ((-122.411019 37.80117, -122.40777 37.801571, -122.406199 37.80172, -122.406024 37.800835, -122.405645 37.798969, -122.402421 37.799382, -122.402041 37.797505, -122.405513 37.797065, -122.406668 37.797865, -122.407083 37.798152, -122.407869 37.798697, -122.409014 37.79949, -122.411376 37.801125, -122.411019 37.80117))",6075010600
6075010800,0.0010929916,06,075,010800,1400000US06075010800,06075010800,108,CT,226078,0,"POLYGON ((-122.417218 37.798472, -122.412283 37.799096, -122.411911 37.797245, -122.411719 37.796291, -122.411364 37.794527, -122.415218 37.79402899999999, -122.416292 37.793892, -122.416473 37.794777, -122.416653 37.79567, -122.416839 37.796596, -122.417218 37.798472))",6075010800
6075010900,0.0009722542,06,075,010900,1400000US06075010900,06075010900,109,CT,250647,0,"POLYGON ((-122.424275 37.799472, -122.420883 37.799902, -122.420769 37.79993899999999, -122.417587 37.800341, -122.417385 37.799414, -122.417218 37.798472, -122.416839 37.796596, -122.421768 37.795945, -122.423481 37.795739, -122.423705 37.796678, -122.424275 37.799472))",6075010900
6075011100,0.0012402169,06,075,011100,1400000US06075011100,06075011100,111,CT,247102,0,"POLYGON ((-122.422801 37.792161, -122.416113 37.793014, -122.415936 37.792133, -122.41575 37.791206, -122.415559 37.790254, -122.415372 37.78932, -122.422077 37.788474, -122.422237 37.789399, -122.42242 37.790358, -122.422611 37.791277, -122.422801 37.792161))",6075011100
6075011200,0.0011960493,06,075,011200,1400000US06075011200,06075011200,112,CT,177415,0,"POLYGON ((-122.416292 37.793892, -122.415218 37.79402899999999, -122.411364 37.794527, -122.409722 37.794737, -122.409541 37.793852, -122.409171 37.792043, -122.412461 37.791627, -122.41575 37.791206, -122.415936 37.792133, -122.416113 37.793014, -122.416292 37.793892))",6075011200
6075012602,0.0009899337,06,075,012602,1400000US06075012602,06075012602,126.02,CT,629712,544217,"POLYGON ((-122.441909 37.807316, -122.439690935158 37.8086811541357, -122.425942 37.810979, -122.425041162157 37.811001508766, -122.424876 37.810799, -122.426671 37.809639, -122.426613 37.808152, -122.425628 37.806456, -122.425209 37.804133, -122.430045 37.803518, -122.431679 37.803267, -122.436799 37.802715, -122.437138 37.804352, -122.441905 37.803744, -122.441909 37.807316))",6075012602
6075012700,0.0010877436,06,075,012700,1400000US06075012700,06075012700,127,CT,437783,217992,"POLYGON ((-122.448241 37.804478, -122.448241130218 37.8072521685356, -122.439690935158 37.8086811541357, -122.441909 37.807316, -122.441905 37.803744, -122.441754 37.802985, -122.441368 37.801126, -122.441177 37.80019, -122.447466 37.79939, -122.44782 37.801633, -122.44946 37.802454, -122.448241 37.804478))",6075012700
6075012800,0.00081991625,06,075,012800,1400000US06075012800,06075012800,128,CT,497838,0,"POLYGON ((-122.447466 37.79939, -122.441177 37.80019, -122.436274 37.800814, -122.435678 37.798021, -122.437326 37.797811, -122.43695 37.795949, -122.438591 37.795741, -122.440234 37.795533, -122.446728 37.794706, -122.447015 37.796579, -122.447303 37.798459, -122.447466 37.79939))",6075012800
6075012800,0.0011923392,06,075,012800,1400000US06075012800,06075012800,128,CT,497838,0,"POLYGON ((-122.447466 37.79939, -122.441177 37.80019, -122.436274 37.800814, -122.435678 37.798021, -122.437326 37.797811, -122.43695 37.795949, -122.438591 37.795741, -122.440234 37.795533, -122.446728 37.794706, -122.447015 37.796579, -122.447303 37.798459, -122.447466 37.79939))",6075012800
6075012901,0.00075168815,06,075,012901,1400000US06075012901,06075012901,129.01,CT,180870,0,"POLYGON ((-122.430045 37.803518, -122.425209 37.804133, -122.424835 37.802268, -122.424464 37.800402, -122.42929 37.799788, -122.429667 37.801654, -122.430045 37.803518))",6075012901
6075012901,0.0010708488,06,075,012901,1400000US06075012901,06075012901,129.01,CT,180870,0,"POLYGON ((-122.430045 37.803518, -122.425209 37.804133, -122.424835 37.802268, -122.424464 37.800402, -122.42929 37.799788, -122.429667 37.801654, -122.430045 37.803518))",6075012901
6075012902,0.0009847532,06,075,012902,1400000US06075012902,06075012902,129.02,CT,352886,0,"POLYGON ((-122.436799 37.802715, -122.431679 37.803267, -122.430045 37.803518, -122.429667 37.801654, -122.42929 37.799788, -122.424464 37.800402, -122.424275 37.799472, -122.427457 37.799067, -122.430747 37.798648, -122.432393 37.79843899999999, -122.434036 37.79823, -122.435678 37.798021, -122.436274 37.800814, -122.436799 37.802715))",6075012902
6075012902,0.001159184,06,075,012902,1400000US06075012902,06075012902,129.02,CT,352886,0,"POLYGON ((-122.436799 37.802715, -122.431679 37.803267, -122.430045 37.803518, -122.429667 37.801654, -122.42929 37.799788, -122.424464 37.800402, -122.424275 37.799472, -122.427457 37.799067, -122.430747 37.798648, -122.432393 37.79843899999999, -122.434036 37.79823, -122.435678 37.798021, -122.436274 37.800814, -122.436799 37.802715))",6075012902
6075013000,0.0010488239,06,075,013000,1400000US06075013000,06075013000,130,CT,365819,0,"POLYGON ((-122.437326 37.797811, -122.435678 37.798021, -122.434036 37.79823, -122.432393 37.79843899999999, -122.430747 37.798648, -122.427457 37.799067, -122.424275 37.799472, -122.423705 37.796678, -122.426893 37.79627199999999, -122.430183 37.795854, -122.433469 37.795435, -122.435113 37.795226, -122.43695 37.795949, -122.437326 37.797811))",6075013000
6075013200,0.0011481716,06,075,013200,1400000US06075013200,06075013200,132,CT,546678,0,"POLYGON ((-122.446728 37.794706, -122.440234 37.795533, -122.438591 37.795741, -122.43695 37.795949, -122.435113 37.795226, -122.433469 37.795435, -122.430183 37.795854, -122.429625 37.793098, -122.434558 37.792472, -122.436204 37.792263, -122.437846 37.792054, -122.439488 37.791843, -122.446117 37.790999, -122.4463 37.791879, -122.446728 37.794706))",6075013200
6075013300,0.0009676131,06,075,013300,1400000US06075013300,06075013300,133,CT,581310,0,"POLYGON ((-122.459476 37.789711, -122.45274 37.790974, -122.4463 37.791879, -122.446117 37.790999, -122.445934 37.790119, -122.445758 37.789248, -122.445589 37.788364, -122.445402 37.787438, -122.450118 37.786838, -122.454774 37.786244, -122.45505 37.786209, -122.459179 37.785682, -122.459388 37.788405, -122.459476 37.789711))",6075013300
6075013400,0.0008044874,06,075,013400,1400000US06075013400,06075013400,134,CT,354176,0,"POLYGON ((-122.446117 37.790999, -122.439488 37.791843, -122.437846 37.792054, -122.436204 37.792263, -122.435849 37.790502, -122.435486 37.788697, -122.438773 37.788278, -122.440488 37.788061, -122.443753 37.787647, -122.445402 37.787438, -122.445589 37.788364, -122.445758 37.789248, -122.445934 37.790119, -122.446117 37.790999))",6075013400
6075013500,0.0010393921,06,075,013500,1400000US06075013500,06075013500,135,CT,235184,0,"POLYGON ((-122.436204 37.792263, -122.434558 37.792472, -122.429625 37.793098, -122.42927 37.791339, -122.428905 37.789534, -122.43384 37.788906, -122.435486 37.788697, -122.435849 37.790502, -122.436204 37.792263))",6075013500
6075015300,0.0012107595,06,075,015300,1400000US06075015300,06075015300,153,CT,233721,0,"POLYGON ((-122.443753 37.787647, -122.440488 37.788061, -122.438773 37.788278, -122.435486 37.788697, -122.434918 37.785876, -122.436557 37.785668, -122.438206 37.785459, -122.443183 37.784827, -122.44337 37.785759, -122.443753 37.787647))",6075015300
6075015400,0.001063901,06,075,015400,1400000US06075015400,06075015400,154,CT,719491,0,"POLYGON ((-122.459179 37.785682, -122.45505 37.786209, -122.454774 37.786244, -122.450118 37.786838, -122.445402 37.787438, -122.443753 37.787647, -122.44337 37.785759, -122.443183 37.784827, -122.44281 37.782971, -122.442793 37.782885, -122.445826 37.782512, -122.447302 37.782392, -122.454186 37.781651, -122.456304 37.78144899999999, -122.458878 37.781326, -122.458998 37.783189, -122.459179 37.785682))",6075015400
6075015400,0.0012180742,06,075,015400,1400000US06075015400,06075015400,154,CT,719491,0,"POLYGON ((-122.459179 37.785682, -122.45505 37.786209, -122.454774 37.786244, -122.450118 37.786838, -122.445402 37.787438, -122.443753 37.787647, -122.44337 37.785759, -122.443183 37.784827, -122.44281 37.782971, -122.442793 37.782885, -122.445826 37.782512, -122.447302 37.782392, -122.454186 37.781651, -122.456304 37.78144899999999, -122.458878 37.781326, -122.458998 37.783189, -122.459179 37.785682))",6075015400
6075015600,0.0008805245,06,075,015600,1400000US06075015600,06075015600,156,CT,293930,0,"POLYGON ((-122.458878 37.781326, -122.456304 37.78144899999999, -122.454186 37.781651, -122.453385 37.77782699999999, -122.455217 37.777599, -122.454683 37.774755, -122.458371 37.774309, -122.458505 37.77619, -122.458878 37.781326))",6075015600
6075015600,0.0010855714,06,075,015600,1400000US06075015600,06075015600,156,CT,293930,0,"POLYGON ((-122.458878 37.781326, -122.456304 37.78144899999999, -122.454186 37.781651, -122.453385 37.77782699999999, -122.455217 37.777599, -122.454683 37.774755, -122.458371 37.774309, -122.458505 37.77619, -122.458878 37.781326))",6075015600
6075015700,0.0011938068,06,075,015700,1400000US06075015700,06075015700,157,CT,836665,0,"POLYGON ((-122.455217 37.777599, -122.453385 37.77782699999999, -122.454186 37.781651, -122.447302 37.782392, -122.445826 37.782512, -122.442793 37.782885, -122.441512 37.782096, -122.440958 37.779364, -122.442053 37.779244, -122.441866 37.7783, -122.441488 37.776435, -122.44478 37.776017, -122.446471 37.775802, -122.448068 37.775599, -122.451358 37.775175, -122.454683 37.774755, -122.455217 37.777599))",6075015700
6075015700,0.0013249391,06,075,015700,1400000US06075015700,06075015700,157,CT,836665,0,"POLYGON ((-122.455217 37.777599, -122.453385 37.77782699999999, -122.454186 37.781651, -122.447302 37.782392, -122.445826 37.782512, -122.442793 37.782885, -122.441512 37.782096, -122.440958 37.779364, -122.442053 37.779244, -122.441866 37.7783, -122.441488 37.776435, -122.44478 37.776017, -122.446471 37.775802, -122.448068 37.775599, -122.451358 37.775175, -122.454683 37.774755, -122.455217 37.777599))",6075015700
6075015802,0.0009192859,06,075,015802,1400000US06075015802,06075015802,158.02,CT,170744,0,"POLYGON ((-122.442053 37.779244, -122.440958 37.779364, -122.437072 37.779867, -122.436697 37.778006, -122.433407 37.778422, -122.433219 37.77749, -122.438244 37.776848, -122.441488 37.776435, -122.441866 37.7783, -122.442053 37.779244))",6075015802
6075015802,0.0010708488,06,075,015802,1400000US06075015802,06075015802,158.02,CT,170744,0,"POLYGON ((-122.442053 37.779244, -122.440958 37.779364, -122.437072 37.779867, -122.436697 37.778006, -122.433407 37.778422, -122.433219 37.77749, -122.438244 37.776848, -122.441488 37.776435, -122.441866 37.7783, -122.442053 37.779244))",6075015802
6075016200,0.0008017537,06,075,016200,1400000US06075016200,06075016200,162,CT,273255,0,"POLYGON ((-122.426641 37.778329, -122.424998 37.778538, -122.423354 37.778747, -122.423541 37.779674, -122.420358 37.780072, -122.419765 37.777291, -122.419359 37.775432, -122.424246 37.774811, -122.425888 37.77459899999999, -122.426263 37.776464, -122.426641 37.778329))",6075016200
6075016300,0.0008643997,06,075,016300,1400000US06075016300,06075016300,163,CT,245866,0,"POLYGON ((-122.433219 37.77749, -122.429929 37.777909, -122.426641 37.778329, -122.426263 37.776464, -122.425888 37.77459899999999, -122.429178 37.774181, -122.430825 37.773973, -122.432467 37.773757, -122.433219 37.77749))",6075016300
6075016400,0.0008335396,06,075,016400,1400000US06075016400,06075016400,164,CT,309099,0,"POLYGON ((-122.441488 37.776435, -122.438244 37.776848, -122.433219 37.77749, -122.432467 37.773757, -122.435751 37.773346, -122.437469 37.773127, -122.440735 37.772713, -122.440922 37.773635, -122.441488 37.776435))",6075016400
6075016500,0.0012026106,06,075,016500,1400000US06075016500,06075016500,165,CT,370453,0,"POLYGON ((-122.454683 37.774755, -122.451358 37.775175, -122.448068 37.775599, -122.446471 37.775802, -122.44478 37.776017, -122.441488 37.776435, -122.440922 37.773635, -122.444216 37.773212, -122.447497 37.77279, -122.450787 37.772368, -122.454083 37.77193, -122.454683 37.774755))",6075016500
6075016500,0.001360515,06,075,016500,1400000US06075016500,06075016500,165,CT,370453,0,"POLYGON ((-122.454683 37.774755, -122.451358 37.775175, -122.448068 37.775599, -122.446471 37.775802, -122.44478 37.776017, -122.441488 37.776435, -122.440922 37.773635, -122.444216 37.773212, -122.447497 37.77279, -122.450787 37.772368, -122.454083 37.77193, -122.454683 37.774755))",6075016500
6075016700,0.001104004,06,075,016700,1400000US06075016700,06075016700,167,CT,490697,0,"POLYGON ((-122.443866 37.767536, -122.443356 37.768944, -122.442765 37.769661, -122.443312 37.77047, -122.440358 37.770847, -122.440735 37.772713, -122.437469 37.773127, -122.435751 37.773346, -122.432467 37.773757, -122.431904 37.770964, -122.43157 37.769307, -122.433572 37.769178, -122.435794 37.769058, -122.436588 37.769001, -122.438338 37.76900699999999, -122.439301 37.768166, -122.442009 37.765907, -122.442575 37.765928, -122.443533 37.766691, -122.443866 37.767536))",6075016700
6075017000,0.0010566626,06,075,017000,1400000US06075017000,06075017000,170,CT,469547,0,"POLYGON ((-122.446247 37.762247, -122.443538 37.765323, -122.443347 37.765333, -122.442575 37.765928, -122.442009 37.765907, -122.439301 37.768166, -122.438338 37.76900699999999, -122.436588 37.769001, -122.435794 37.769058, -122.435472 37.765727, -122.435193 37.762727, -122.435837 37.762485, -122.439491 37.762227, -122.440168 37.762187, -122.444196 37.761947, -122.446384 37.761816, -122.446247 37.762247))",6075017000
6075017101,0.0010642615,06,075,017101,1400000US06075017101,06075017101,171.01,CT,313382,0,"POLYGON ((-122.449433 37.7632, -122.448274 37.764196, -122.447635 37.765139, -122.448013 37.767007, -122.44839 37.768865, -122.442765 37.769661, -122.443356 37.768944, -122.443866 37.767536, -122.443533 37.766691, -122.442575 37.765928, -122.443347 37.765333, -122.443538 37.765323, -122.446247 37.762247, -122.446384 37.761816, -122.446783 37.761781, -122.44912 37.761648, -122.449433 37.7632))",6075017101
6075017101,0.0012512294,06,075,017101,1400000US06075017101,06075017101,171.01,CT,313382,0,"POLYGON ((-122.449433 37.7632, -122.448274 37.764196, -122.447635 37.765139, -122.448013 37.767007, -122.44839 37.768865, -122.442765 37.769661, -122.443356 37.768944, -122.443866 37.767536, -122.443533 37.766691, -122.442575 37.765928, -122.443347 37.765333, -122.443538 37.765323, -122.446247 37.762247, -122.446384 37.761816, -122.446783 37.761781, -122.44912 37.761648, -122.449433 37.7632))",6075017101
6075017102,0.0011371591,06,075,017102,1400000US06075017102,06075017102,171.02,CT,294894,0,"POLYGON ((-122.453352 37.768246, -122.450522 37.768593, -122.44839 37.768865, -122.448013 37.767007, -122.447635 37.765139, -122.448274 37.764196, -122.449433 37.7632, -122.44912 37.761648, -122.451958 37.761478, -122.4524 37.763669, -122.452569 37.764509, -122.452758 37.765443, -122.452947 37.766374, -122.453352 37.768246))",6075017102
6075017601,0.0014109735,06,075,017601,1400000US06075017601,06075017601,176.01,CT,633557,0,"POLYGON ((-122.417615 37.7766, -122.416292 37.777494, -122.413365 37.779862, -122.412548 37.780508, -122.410336 37.782245, -122.408952 37.783288, -122.408104 37.78402, -122.407451 37.784604, -122.406062 37.785757, -122.402708 37.783259, -122.404933 37.7815, -122.405719 37.780878, -122.407159 37.779739, -122.409387 37.777977, -122.411606 37.776221, -122.413161 37.774992, -122.415561 37.773101, -122.418704 37.775645, -122.417615 37.7766))",6075017601
6075017700,0.0018151851,06,075,017700,1400000US06075017700,06075017700,177,CT,903840,0,"POLYGON ((-122.418704 37.775645, -122.415561 37.773101, -122.41248 37.77063, -122.410931 37.769411, -122.409736 37.770349, -122.408007 37.769244, -122.40499 37.769715, -122.404497 37.764664, -122.40509 37.76462799999999, -122.408424 37.764427, -122.413003 37.764091, -122.413588 37.763823, -122.417332 37.763572, -122.417487 37.765183, -122.417802 37.768405, -122.417794 37.770435, -122.419219 37.775316, -122.418704 37.775645))",6075017700
6075020100,0.001004356,06,075,020100,1400000US06075020100,06075020100,201,CT,445714,0,"POLYGON ((-122.42262 37.772503, -122.421989 37.773074, -122.419334 37.77521, -122.419219 37.775316, -122.417794 37.770435, -122.417802 37.768405, -122.417487 37.765183, -122.417332 37.763572, -122.421732 37.7633, -122.422044 37.76654, -122.422308 37.769278, -122.422365 37.769868, -122.42262 37.772503))",6075020100
6075020200,0.0008186463,06,075,020200,1400000US06075020200,06075020200,202,CT,338532,0,"POLYGON ((-122.426948 37.769175, -122.426402 37.769596, -122.424929 37.770778, -122.423641 37.771828, -122.42262 37.772503, -122.422365 37.769868, -122.422308 37.769278, -122.422044 37.76654, -122.421732 37.7633, -122.426137 37.763036, -122.426293 37.764651, -122.426462 37.766272, -122.426713 37.768982, -122.426948 37.769175))",6075020200
6075020200,0.0010561263,06,075,020200,1400000US06075020200,06075020200,202,CT,338532,0,"POLYGON ((-122.426948 37.769175, -122.426402 37.769596, -122.424929 37.770778, -122.423641 37.771828, -122.42262 37.772503, -122.422365 37.769868, -122.422308 37.769278, -122.422044 37.76654, -122.421732 37.7633, -122.426137 37.763036, -122.426293 37.764651, -122.426462 37.766272, -122.426713 37.768982, -122.426948 37.769175))",6075020200
6075020300,0.0011497476,06,075,020300,1400000US06075020300,06075020300,203,CT,285950,0,"POLYGON ((-122.435193 37.762727, -122.430824 37.766014, -122.428949 37.767504, -122.428635 37.767846, -122.426948 37.769175, -122.426713 37.768982, -122.426462 37.766272, -122.426293 37.764651, -122.426137 37.763036, -122.430727 37.762753, -122.432124 37.762668, -122.435188 37.762671, -122.435193 37.762727))",6075020300
6075020401,0.0010716107,06,075,020401,1400000US06075020401,06075020401,204.01,CT,327217,0,"POLYGON ((-122.447915 37.757589, -122.446395 37.758856, -122.446394 37.760907, -122.446783 37.761781, -122.446384 37.761816, -122.444196 37.761947, -122.440168 37.762187, -122.439491 37.762227, -122.439337 37.760627, -122.439167 37.759028, -122.442175 37.758939, -122.442258 37.757734, -122.44222 37.756639, -122.445106 37.756961, -122.444485 37.756354, -122.445283 37.756573, -122.44695 37.75655, -122.447915 37.757589))",6075020401
6075020401,0.0012720376,06,075,020401,1400000US06075020401,06075020401,204.01,CT,327217,0,"POLYGON ((-122.447915 37.757589, -122.446395 37.758856, -122.446394 37.760907, -122.446783 37.761781, -122.446384 37.761816, -122.444196 37.761947, -122.440168 37.762187, -122.439491 37.762227, -122.439337 37.760627, -122.439167 37.759028, -122.442175 37.758939, -122.442258 37.757734, -122.44222 37.756639, -122.445106 37.756961, -122.444485 37.756354, -122.445283 37.756573, -122.44695 37.75655, -122.447915 37.757589))",6075020401
6075020402,0.00072710036,06,075,020402,1400000US06075020402,06075020402,204.02,CT,591322,0,"POLYGON ((-122.449447 37.74666, -122.447794 37.749408, -122.445697 37.748855, -122.449423 37.750412, -122.44709 37.751505, -122.446734 37.753573, -122.447943 37.755532, -122.445348 37.755619, -122.44695 37.75655, -122.445283 37.756573, -122.444485 37.756354, -122.445106 37.756961, -122.44222 37.756639, -122.442258 37.757734, -122.442175 37.758939, -122.439167 37.759028, -122.438864 37.755434, -122.440345 37.755228, -122.442525 37.75238, -122.443255 37.750769, -122.443421 37.750099, -122.44462 37.747081, -122.444556 37.746687, -122.444857 37.747025, -122.447399 37.746596, -122.449363 37.746129, -122.45084 37.745904, -122.449447 37.74666))",6075020402
6075020402,0.0012070617,06,075,020402,1400000US06075020402,06075020402,204.02,CT,591322,0,"POLYGON ((-122.449447 37.74666, -122.447794 37.749408, -122.445697 37.748855, -122.449423 37.750412, -122.44709 37.751505, -122.446734 37.753573, -122.447943 37.755532, -122.445348 37.755619, -122.44695 37.75655, -122.445283 37.756573, -122.444485 37.756354, -122.445106 37.756961, -122.44222 37.756639, -122.442258 37.757734, -122.442175 37.758939, -122.439167 37.759028, -122.438864 37.755434, -122.440345 37.755228, -122.442525 37.75238, -122.443255 37.750769, -122.443421 37.750099, -122.44462 37.747081, -122.444556 37.746687, -122.444857 37.747025, -122.447399 37.746596, -122.449363 37.746129, -122.45084 37.745904, -122.449447 37.74666))",6075020402
6075020500,0.0011677123,06,075,020500,1400000US06075020500,06075020500,205,CT,276896,0,"POLYGON ((-122.439491 37.762227, -122.435837 37.762485, -122.435193 37.762727, -122.435188 37.762671, -122.435001 37.760889, -122.434854 37.759289, -122.434698 37.757687, -122.434546 37.756093, -122.437769 37.755541, -122.438864 37.755434, -122.439167 37.759028, -122.439337 37.760627, -122.439491 37.762227))",6075020500
6075020500,0.0012327968,06,075,020500,1400000US06075020500,06075020500,205,CT,276896,0,"POLYGON ((-122.439491 37.762227, -122.435837 37.762485, -122.435193 37.762727, -122.435188 37.762671, -122.435001 37.760889, -122.434854 37.759289, -122.434698 37.757687, -122.434546 37.756093, -122.437769 37.755541, -122.438864 37.755434, -122.439167 37.759028, -122.439337 37.760627, -122.439491 37.762227))",6075020500
6075020600,0.0010997546,06,075,020600,1400000US06075020600,06075020600,206,CT,567325,0,"POLYGON ((-122.435188 37.762671, -122.432124 37.762668, -122.430727 37.762753, -122.426137 37.763036, -122.425836 37.759835, -122.425685 37.758232, -122.425532 37.756636, -122.430115 37.75636, -122.432331 37.756227, -122.434546 37.756093, -122.434698 37.757687, -122.434854 37.759289, -122.435001 37.760889, -122.435188 37.762671))",6075020600
6075020600,0.0013578795,06,075,020600,1400000US06075020600,06075020600,206,CT,567325,0,"POLYGON ((-122.435188 37.762671, -122.432124 37.762668, -122.430727 37.762753, -122.426137 37.763036, -122.425836 37.759835, -122.425685 37.758232, -122.425532 37.756636, -122.430115 37.75636, -122.432331 37.756227, -122.434546 37.756093, -122.434698 37.757687, -122.434854 37.759289, -122.435001 37.760889, -122.435188 37.762671))",6075020600
6075020700,0.0007606821,06,075,020700,1400000US06075020700,06075020700,207,CT,347105,0,"POLYGON ((-122.426137 37.763036, -122.421732 37.7633, -122.421578 37.761701, -122.421425 37.760101, -122.421118 37.756902, -122.420964 37.755295, -122.425384 37.755035, -122.425532 37.756636, -122.425685 37.758232, -122.425836 37.759835, -122.426137 37.763036))",6075020700
6075020700,0.0011418907,06,075,020700,1400000US06075020700,06075020700,207,CT,347105,0,"POLYGON ((-122.426137 37.763036, -122.421732 37.7633, -122.421578 37.761701, -122.421425 37.760101, -122.421118 37.756902, -122.420964 37.755295, -122.425384 37.755035, -122.425532 37.756636, -122.425685 37.758232, -122.425836 37.759835, -122.426137 37.763036))",6075020700
6075020800,0.00097358064,06,075,020800,1400000US06075020800,06075020800,208,CT,346098,0,"POLYGON ((-122.421732 37.7633, -122.417332 37.763572, -122.417179 37.761968, -122.417026 37.760367, -122.416872 37.758764, -122.41672 37.757167, -122.416567 37.755568, -122.418748 37.755437, -122.420964 37.755295, -122.421118 37.756902, -122.421425 37.760101, -122.421578 37.761701, -122.421732 37.7633))",6075020800
6075020800,0.001126029,06,075,020800,1400000US06075020800,06075020800,208,CT,346098,0,"POLYGON ((-122.421732 37.7633, -122.417332 37.763572, -122.417179 37.761968, -122.417026 37.760367, -122.416872 37.758764, -122.41672 37.757167, -122.416567 37.755568, -122.418748 37.755437, -122.420964 37.755295, -122.421118 37.756902, -122.421425 37.760101, -122.421578 37.761701, -122.421732 37.7633))",6075020800
6075020900,0.0018151851,06,075,020900,1400000US06075020900,06075020900,209,CT,312680,0,"POLYGON ((-122.420964 37.755295, -122.418748 37.755437, -122.416567 37.755568, -122.416413 37.753968, -122.416108 37.750771, -122.41587 37.748267, -122.418206 37.748203, -122.420282 37.748161, -122.420507 37.750506, -122.420665 37.752104, -122.420812 37.753703, -122.420964 37.755295))",6075020900
6075020900,0.0018151851,06,075,020900,1400000US06075020900,06075020900,209,CT,312680,0,"POLYGON ((-122.420964 37.755295, -122.418748 37.755437, -122.416567 37.755568, -122.416413 37.753968, -122.416108 37.750771, -122.41587 37.748267, -122.418206 37.748203, -122.420282 37.748161, -122.420507 37.750506, -122.420665 37.752104, -122.420812 37.753703, -122.420964 37.755295))",6075020900
6075021000,0.001192384,06,075,021000,1400000US06075021000,06075021000,210,CT,313017,0,"POLYGON ((-122.425384 37.755035, -122.420964 37.755295, -122.420812 37.753703, -122.420665 37.752104, -122.420507 37.750506, -122.420282 37.748161, -122.421393 37.748124, -122.42485 37.747825, -122.424777 37.748644, -122.424934 37.750237, -122.425097 37.751845, -122.42524 37.753436, -122.425384 37.755035))",6075021000
6075021100,0.0008888656,06,075,021100,1400000US06075021100,06075021100,211,CT,424230,0,"POLYGON ((-122.434546 37.756093, -122.432331 37.756227, -122.430115 37.75636, -122.425532 37.756636, -122.425384 37.755035, -122.42524 37.753436, -122.425097 37.751845, -122.429659 37.751571, -122.43409 37.751304, -122.43424 37.752891, -122.434317 37.75369, -122.434546 37.756093))",6075021100
6075021100,0.0011444616,06,075,021100,1400000US06075021100,06075021100,211,CT,424230,0,"POLYGON ((-122.434546 37.756093, -122.432331 37.756227, -122.430115 37.75636, -122.425532 37.756636, -122.425384 37.755035, -122.42524 37.753436, -122.425097 37.751845, -122.429659 37.751571, -122.43409 37.751304, -122.43424 37.752891, -122.434317 37.75369, -122.434546 37.756093))",6075021100
6075021200,0.0011009339,06,075,021200,1400000US06075021200,06075021200,212,CT,345793,0,"POLYGON ((-122.442525 37.75238, -122.440345 37.755228, -122.438864 37.755434, -122.437769 37.755541, -122.434546 37.756093, -122.434317 37.75369, -122.43424 37.752891, -122.43409 37.751304, -122.438474 37.751024, -122.443255 37.750769, -122.442525 37.75238))",6075021200
6075021200,0.0013249391,06,075,021200,1400000US06075021200,06075021200,212,CT,345793,0,"POLYGON ((-122.442525 37.75238, -122.440345 37.755228, -122.438864 37.755434, -122.437769 37.755541, -122.434546 37.756093, -122.434317 37.75369, -122.43424 37.752891, -122.43409 37.751304, -122.438474 37.751024, -122.443255 37.750769, -122.442525 37.75238))",6075021200
6075021400,0.00093332306,06,075,021400,1400000US06075021400,06075021400,214,CT,353319,0,"POLYGON ((-122.43409 37.751304, -122.429659 37.751571, -122.425097 37.751845, -122.424934 37.750237, -122.424777 37.748644, -122.42485 37.747825, -122.427045 37.747696, -122.431477 37.747434, -122.433697 37.747297, -122.433769 37.748097, -122.43409 37.751304))",6075021400
6075021400,0.0012143642,06,075,021400,1400000US06075021400,06075021400,214,CT,353319,0,"POLYGON ((-122.43409 37.751304, -122.429659 37.751571, -122.425097 37.751845, -122.424934 37.750237, -122.424777 37.748644, -122.42485 37.747825, -122.427045 37.747696, -122.431477 37.747434, -122.433697 37.747297, -122.433769 37.748097, -122.43409 37.751304))",6075021400
6075021500,0.0008337688,06,075,021500,1400000US06075021500,06075021500,215,CT,495278,0,"POLYGON ((-122.431477 37.747434, -122.427045 37.747696, -122.42485 37.747825, -122.421393 37.748124, -122.421704 37.746412, -122.422276 37.745348, -122.422709 37.74393999999999, -122.423361 37.74229, -122.430888 37.741833, -122.431022 37.742631, -122.431256 37.74503199999999, -122.431477 37.747434))",6075021500
6075021600,0.0008770713,06,075,021600,1400000US06075021600,06075021600,216,CT,597916,0,"POLYGON ((-122.447399 37.746596, -122.444857 37.747025, -122.444556 37.746687, -122.443961 37.746765, -122.441408 37.74861, -122.438246 37.748665, -122.43809 37.74705, -122.435916 37.747179, -122.433697 37.747297, -122.431477 37.747434, -122.431256 37.74503199999999, -122.431022 37.742631, -122.430888 37.741833, -122.433259 37.741903, -122.43332 37.743296, -122.435559 37.743161, -122.43556 37.74155, -122.440049 37.745299, -122.444148 37.743297, -122.445214 37.743688, -122.447399 37.746596))",6075021600
6075021600,0.0013064095,06,075,021600,1400000US06075021600,06075021600,216,CT,597916,0,"POLYGON ((-122.447399 37.746596, -122.444857 37.747025, -122.444556 37.746687, -122.443961 37.746765, -122.441408 37.74861, -122.438246 37.748665, -122.43809 37.74705, -122.435916 37.747179, -122.433697 37.747297, -122.431477 37.747434, -122.431256 37.74503199999999, -122.431022 37.742631, -122.430888 37.741833, -122.433259 37.741903, -122.43332 37.743296, -122.435559 37.743161, -122.43556 37.74155, -122.440049 37.745299, -122.444148 37.743297, -122.445214 37.743688, -122.447399 37.746596))",6075021600
6075021800,0.0011705226,06,075,021800,1400000US06075021800,06075021800,218,CT,500951,0,"POLYGON ((-122.434401 37.736199, -122.434697 37.737256, -122.432443 37.735879, -122.431349 37.736618, -122.428726 37.738326, -122.431759 37.73980299999999, -122.430741 37.740424, -122.430888 37.741833, -122.423361 37.74229, -122.424258 37.739935, -122.42427 37.739866, -122.424724 37.738431, -122.425286 37.73764, -122.426722 37.736372, -122.428573 37.735082, -122.429391 37.734636, -122.432422 37.733176, -122.433104 37.733419, -122.435825 37.733924, -122.434401 37.736199))",6075021800
6075021800,0.0012754985,06,075,021800,1400000US06075021800,06075021800,218,CT,500951,0,"POLYGON ((-122.434401 37.736199, -122.434697 37.737256, -122.432443 37.735879, -122.431349 37.736618, -122.428726 37.738326, -122.431759 37.73980299999999, -122.430741 37.740424, -122.430888 37.741833, -122.423361 37.74229, -122.424258 37.739935, -122.42427 37.739866, -122.424724 37.738431, -122.425286 37.73764, -122.426722 37.736372, -122.428573 37.735082, -122.429391 37.734636, -122.432422 37.733176, -122.433104 37.733419, -122.435825 37.733924, -122.434401 37.736199))",6075021800
6075022704,0.001073751,06,075,022704,1400000US06075022704,06075022704,227.04,CT,544609,0,"POLYGON ((-122.40648 37.760731, -122.405105 37.763852, -122.40509 37.76462799999999, -122.404497 37.764664, -122.398703 37.765014, -122.398461 37.762463, -122.398338 37.761184, -122.398216 37.759909, -122.39797 37.757359, -122.403689 37.757015, -122.406389 37.759804, -122.40648 37.760731))",6075022704
6075022704,0.0013504094,06,075,022704,1400000US06075022704,06075022704,227.04,CT,544609,0,"POLYGON ((-122.40648 37.760731, -122.405105 37.763852, -122.40509 37.76462799999999, -122.404497 37.764664, -122.398703 37.765014, -122.398461 37.762463, -122.398338 37.761184, -122.398216 37.759909, -122.39797 37.757359, -122.403689 37.757015, -122.406389 37.759804, -122.40648 37.760731))",6075022704
6075022801,0.0013324604,06,075,022801,1400000US06075022801,06075022801,228.01,CT,578056,0,"POLYGON ((-122.417332 37.763572, -122.413588 37.763823, -122.413003 37.764091, -122.408424 37.764427, -122.408064 37.760601, -122.407754 37.757705, -122.412348 37.75743, -122.41672 37.757167, -122.416872 37.758764, -122.417026 37.760367, -122.417179 37.761968, -122.417332 37.763572))",6075022801
6075022801,0.0012842668,06,075,022801,1400000US06075022801,06075022801,228.01,CT,578056,0,"POLYGON ((-122.417332 37.763572, -122.413588 37.763823, -122.413003 37.764091, -122.408424 37.764427, -122.408064 37.760601, -122.407754 37.757705, -122.412348 37.75743, -122.41672 37.757167, -122.416872 37.758764, -122.417026 37.760367, -122.417179 37.761968, -122.417332 37.763572))",6075022801
6075022803,0.0009981397,06,075,022803,1400000US06075022803,06075022803,228.03,CT,282080,0,"POLYGON ((-122.41672 37.757167, -122.412348 37.75743, -122.407754 37.757705, -122.407602 37.756109, -122.407449 37.754506, -122.409253 37.75439799999999, -122.412047 37.75423, -122.416413 37.753968, -122.416567 37.755568, -122.41672 37.757167))",6075022803
6075022803,0.0013528107,06,075,022803,1400000US06075022803,06075022803,228.03,CT,282080,0,"POLYGON ((-122.41672 37.757167, -122.412348 37.75743, -122.407754 37.757705, -122.407602 37.756109, -122.407449 37.754506, -122.409253 37.75439799999999, -122.412047 37.75423, -122.416413 37.753968, -122.416567 37.755568, -122.41672 37.757167))",6075022803
6075022901,0.0014275913,06,075,022901,1400000US06075022901,06075022901,229.01,CT,248905,0,"POLYGON ((-122.416413 37.753968, -122.412047 37.75423, -122.4119 37.752629, -122.411746 37.751034, -122.411488 37.748344, -122.413673 37.748297, -122.41587 37.748267, -122.416108 37.750771, -122.416413 37.753968))",6075022901
6075022901,0.0011444616,06,075,022901,1400000US06075022901,06075022901,229.01,CT,248905,0,"POLYGON ((-122.416413 37.753968, -122.412047 37.75423, -122.4119 37.752629, -122.411746 37.751034, -122.411488 37.748344, -122.413673 37.748297, -122.41587 37.748267, -122.416108 37.750771, -122.416413 37.753968))",6075022901
6075022902,0.0010561263,06,075,022902,1400000US06075022902,06075022902,229.02,CT,161833,0,"POLYGON ((-122.412047 37.75423, -122.409253 37.75439799999999, -122.408978 37.751201, -122.40871 37.748397, -122.410551 37.748367, -122.411488 37.748344, -122.411746 37.751034, -122.4119 37.752629, -122.412047 37.75423))",6075022902
6075022903,0.0010635464,06,075,022903,1400000US06075022903,06075022903,229.03,CT,309622,0,"POLYGON ((-122.409253 37.75439799999999, -122.407449 37.754506, -122.406453 37.75427699999999, -122.403127 37.754478, -122.403007 37.752446, -122.403784 37.749433, -122.405239 37.749125, -122.406788 37.748805, -122.40871 37.748397, -122.408978 37.751201, -122.409253 37.75439799999999))",6075022903
6075023001,0.0010800824,06,075,023001,1400000US06075023001,06075023001,230.01,CT,666063,0,"POLYGON ((-122.406853 37.73805, -122.399705 37.73992, -122.395945 37.737784, -122.396515 37.737156, -122.398488 37.733808, -122.400022 37.732311, -122.399423 37.731703, -122.399867 37.730292, -122.402105 37.72779, -122.402752 37.729357, -122.404657 37.732949, -122.40506 37.733652, -122.406295 37.735307, -122.406551 37.735721, -122.406853 37.73805))",6075023001
6075023001,0.0013174219,06,075,023001,1400000US06075023001,06075023001,230.01,CT,666063,0,"POLYGON ((-122.406853 37.73805, -122.399705 37.73992, -122.395945 37.737784, -122.396515 37.737156, -122.398488 37.733808, -122.400022 37.732311, -122.399423 37.731703, -122.399867 37.730292, -122.402105 37.72779, -122.402752 37.729357, -122.404657 37.732949, -122.40506 37.733652, -122.406295 37.735307, -122.406551 37.735721, -122.406853 37.73805))",6075023001
6075023003,0.0010188977,06,075,023003,1400000US06075023003,06075023003,230.03,CT,409146,0,"POLYGON ((-122.400022 37.732311, -122.398488 37.733808, -122.396515 37.737156, -122.392776 37.735038, -122.393904 37.733788, -122.391617 37.732487, -122.391891 37.731684, -122.392699 37.729284, -122.396409 37.72980099999999, -122.399867 37.730292, -122.399423 37.731703, -122.400022 37.732311))",6075023003
6075023003,0.0013325842,06,075,023003,1400000US06075023003,06075023003,230.03,CT,409146,0,"POLYGON ((-122.400022 37.732311, -122.398488 37.733808, -122.396515 37.737156, -122.392776 37.735038, -122.393904 37.733788, -122.391617 37.732487, -122.391891 37.731684, -122.392699 37.729284, -122.396409 37.72980099999999, -122.399867 37.730292, -122.399423 37.731703, -122.400022 37.732311))",6075023003
6075023102,0.0010506738,06,075,023102,1400000US06075023102,06075023102,231.02,CT,499233,0,"POLYGON ((-122.387399 37.734738, -122.38717 37.735698, -122.388529 37.736475, -122.385282 37.74024, -122.381558 37.738123, -122.384047 37.737514, -122.382919 37.734511, -122.380186 37.73266, -122.381284 37.734034, -122.379932 37.733381, -122.379779 37.730799, -122.381439 37.730582, -122.38209 37.730635, -122.383431 37.729738, -122.385287 37.730791, -122.389035 37.732919, -122.387399 37.734738))",6075023102
6075023200,0.0010633623,06,075,023200,1400000US06075023200,06075023200,232,CT,856566,0,"POLYGON ((-122.392699 37.729284, -122.391891 37.731684, -122.391617 37.732487, -122.39106 37.734066, -122.389035 37.732919, -122.385287 37.730791, -122.383431 37.729738, -122.379697 37.727618, -122.377833 37.72656, -122.382176 37.722246, -122.385024 37.724098, -122.386936 37.724245, -122.384517 37.722862, -122.38521 37.723088, -122.38793 37.724729, -122.389801 37.725791, -122.393284 37.727764, -122.392699 37.729284))",6075023200
6075023200,0.0013605363,06,075,023200,1400000US06075023200,06075023200,232,CT,856566,0,"POLYGON ((-122.392699 37.729284, -122.391891 37.731684, -122.391617 37.732487, -122.39106 37.734066, -122.389035 37.732919, -122.385287 37.730791, -122.383431 37.729738, -122.379697 37.727618, -122.377833 37.72656, -122.382176 37.722246, -122.385024 37.724098, -122.386936 37.724245, -122.384517 37.722862, -122.38521 37.723088, -122.38793 37.724729, -122.389801 37.725791, -122.393284 37.727764, -122.392699 37.729284))",6075023200
6075023400,0.0021548448,06,075,023400,1400000US06075023400,06075023400,234,CT,854096,0,"POLYGON ((-122.396682 37.720266, -122.393284 37.727764, -122.389801 37.725791, -122.38793 37.724729, -122.38521 37.723088, -122.384517 37.722862, -122.38282 37.721872, -122.386265 37.717179, -122.387912 37.716328, -122.391141 37.71803999999999, -122.393545 37.718487, -122.396682 37.720266))",6075023400
6075025100,0.00073805364,06,075,025100,1400000US06075025100,06075025100,251,CT,556960,0,"POLYGON ((-122.410662 37.742424, -122.409378 37.742923, -122.410441 37.744918, -122.410619 37.746941, -122.410551 37.748367, -122.40871 37.748397, -122.406788 37.748805, -122.405239 37.749125, -122.403784 37.749433, -122.403569 37.749475, -122.403561 37.747762, -122.40459 37.744126, -122.406952 37.740495, -122.406853 37.73805, -122.408217 37.737612, -122.410377 37.736894, -122.410507 37.739779, -122.410365 37.741362, -122.410662 37.742424))",6075025100
6075025200,0.0010727622,06,075,025200,1400000US06075025200,06075025200,252,CT,657048,0,"POLYGON ((-122.418206 37.748203, -122.41587 37.748267, -122.413673 37.748297, -122.411488 37.748344, -122.410551 37.748367, -122.410619 37.746941, -122.410441 37.744918, -122.409378 37.742923, -122.410662 37.742424, -122.410365 37.741362, -122.410507 37.739779, -122.411992 37.73971, -122.413938 37.73893, -122.415184 37.738933, -122.415899 37.739002, -122.418584 37.739297, -122.41777 37.740564, -122.418752 37.74118, -122.416103 37.745253, -122.41764 37.745882, -122.417819 37.745965, -122.419121 37.746775, -122.418206 37.748203))",6075025200
6075025200,0.0012217843,06,075,025200,1400000US06075025200,06075025200,252,CT,657048,0,"POLYGON ((-122.418206 37.748203, -122.41587 37.748267, -122.413673 37.748297, -122.411488 37.748344, -122.410551 37.748367, -122.410619 37.746941, -122.410441 37.744918, -122.409378 37.742923, -122.410662 37.742424, -122.410365 37.741362, -122.410507 37.739779, -122.411992 37.73971, -122.413938 37.73893, -122.415184 37.738933, -122.415899 37.739002, -122.418584 37.739297, -122.41777 37.740564, -122.418752 37.74118, -122.416103 37.745253, -122.41764 37.745882, -122.417819 37.745965, -122.419121 37.746775, -122.418206 37.748203))",6075025200
6075025300,0.0018151851,06,075,025300,1400000US06075025300,06075025300,253,CT,383005,0,"POLYGON ((-122.424258 37.739935, -122.423361 37.74229, -122.422709 37.74393999999999, -122.422276 37.745348, -122.421704 37.746412, -122.421393 37.748124, -122.420282 37.748161, -122.418206 37.748203, -122.419121 37.746775, -122.417819 37.745965, -122.41764 37.745882, -122.416103 37.745253, -122.418752 37.74118, -122.41777 37.740564, -122.418584 37.739297, -122.421742 37.740581, -122.422841 37.741027, -122.42427 37.739866, -122.424258 37.739935))",6075025300
6075025300,0.0018151851,06,075,025300,1400000US06075025300,06075025300,253,CT,383005,0,"POLYGON ((-122.424258 37.739935, -122.423361 37.74229, -122.422709 37.74393999999999, -122.422276 37.745348, -122.421704 37.746412, -122.421393 37.748124, -122.420282 37.748161, -122.418206 37.748203, -122.419121 37.746775, -122.417819 37.745965, -122.41764 37.745882, -122.416103 37.745253, -122.418752 37.74118, -122.41777 37.740564, -122.418584 37.739297, -122.421742 37.740581, -122.422841 37.741027, -122.42427 37.739866, -122.424258 37.739935))",6075025300
6075025401,0.0018151851,06,075,025401,1400000US06075025401,06075025401,254.01,CT,363715,12207,"POLYGON ((-122.425286 37.73764, -122.424724 37.738431, -122.42427 37.739866, -122.422841 37.741027, -122.421742 37.740581, -122.418584 37.739297, -122.415899 37.739002, -122.415955 37.73721099999999, -122.41676 37.735605, -122.420163 37.735777, -122.420224 37.735058, -122.422121 37.735153, -122.422688 37.735205, -122.426722 37.736372, -122.425286 37.73764))",6075025401
6075025401,0.0018151851,06,075,025401,1400000US06075025401,06075025401,254.01,CT,363715,12207,"POLYGON ((-122.425286 37.73764, -122.424724 37.738431, -122.42427 37.739866, -122.422841 37.741027, -122.421742 37.740581, -122.418584 37.739297, -122.415899 37.739002, -122.415955 37.73721099999999, -122.41676 37.735605, -122.420163 37.735777, -122.420224 37.735058, -122.422121 37.735153, -122.422688 37.735205, -122.426722 37.736372, -122.425286 37.73764))",6075025401
6075025402,0.0011950645,06,075,025402,1400000US06075025402,06075025402,254.02,CT,300170,0,"POLYGON ((-122.41676 37.735605, -122.415955 37.73721099999999, -122.415899 37.739002, -122.415184 37.738933, -122.413938 37.73893, -122.411992 37.73971, -122.410507 37.739779, -122.410377 37.736894, -122.408217 37.737612, -122.408779 37.735817, -122.409798 37.734828, -122.410513 37.734592, -122.412447 37.73467, -122.414313 37.734763, -122.416824 37.734888, -122.41676 37.735605))",6075025402
6075025402,0.001133449,06,075,025402,1400000US06075025402,06075025402,254.02,CT,300170,0,"POLYGON ((-122.41676 37.735605, -122.415955 37.73721099999999, -122.415899 37.739002, -122.415184 37.738933, -122.413938 37.73893, -122.411992 37.73971, -122.410507 37.739779, -122.410377 37.736894, -122.408217 37.737612, -122.408779 37.735817, -122.409798 37.734828, -122.410513 37.734592, -122.412447 37.73467, -122.414313 37.734763, -122.416824 37.734888, -122.41676 37.735605))",6075025402
6075025403,0.0013036327,06,075,025403,1400000US06075025403,06075025403,254.03,CT,516564,0,"POLYGON ((-122.426722 37.736372, -122.422688 37.735205, -122.422121 37.735153, -122.420224 37.735058, -122.420163 37.735777, -122.41676 37.735605, -122.416824 37.734888, -122.414313 37.734763, -122.412447 37.73467, -122.410513 37.734592, -122.409798 37.734828, -122.414388 37.732417, -122.415939 37.732072, -122.421703 37.731807, -122.423982 37.731552, -122.426104 37.731651, -122.428038 37.732016, -122.426158 37.733971, -122.428573 37.735082, -122.426722 37.736372))",6075025403
6075025403,0.0013484566,06,075,025403,1400000US06075025403,06075025403,254.03,CT,516564,0,"POLYGON ((-122.426722 37.736372, -122.422688 37.735205, -122.422121 37.735153, -122.420224 37.735058, -122.420163 37.735777, -122.41676 37.735605, -122.416824 37.734888, -122.414313 37.734763, -122.412447 37.73467, -122.410513 37.734592, -122.409798 37.734828, -122.414388 37.732417, -122.415939 37.732072, -122.421703 37.731807, -122.423982 37.731552, -122.426104 37.731651, -122.428038 37.732016, -122.426158 37.733971, -122.428573 37.735082, -122.426722 37.736372))",6075025403
6075025500,0.0012797053,06,075,025500,1400000US06075025500,06075025500,255,CT,1076566,0,"POLYGON ((-122.446308 37.725978, -122.443664 37.728304, -122.443075 37.728634, -122.439483 37.730112, -122.439558 37.730191, -122.435892 37.731577, -122.432422 37.733176, -122.429391 37.734636, -122.428573 37.735082, -122.426158 37.733971, -122.428038 37.732016, -122.429304 37.730742, -122.430165 37.729851, -122.430199 37.729872, -122.431294 37.72873, -122.431801 37.728249, -122.432447 37.727637, -122.433982 37.725762, -122.434798 37.724683, -122.435385 37.723909, -122.43702 37.723723, -122.438787 37.723637, -122.444486 37.722974, -122.44473 37.722987, -122.447878 37.723005, -122.446308 37.725978))",6075025500
6075025500,0.0013608392,06,075,025500,1400000US06075025500,06075025500,255,CT,1076566,0,"POLYGON ((-122.446308 37.725978, -122.443664 37.728304, -122.443075 37.728634, -122.439483 37.730112, -122.439558 37.730191, -122.435892 37.731577, -122.432422 37.733176, -122.429391 37.734636, -122.428573 37.735082, -122.426158 37.733971, -122.428038 37.732016, -122.429304 37.730742, -122.430165 37.729851, -122.430199 37.729872, -122.431294 37.72873, -122.431801 37.728249, -122.432447 37.727637, -122.433982 37.725762, -122.434798 37.724683, -122.435385 37.723909, -122.43702 37.723723, -122.438787 37.723637, -122.444486 37.722974, -122.44473 37.722987, -122.447878 37.723005, -122.446308 37.725978))",6075025500
6075025600,0.0018151851,06,075,025600,1400000US06075025600,06075025600,256,CT,562531,0,"POLYGON ((-122.431294 37.72873, -122.430199 37.729872, -122.430165 37.729851, -122.429304 37.730742, -122.428038 37.732016, -122.426104 37.731651, -122.423982 37.731552, -122.421703 37.731807, -122.419514 37.73149, -122.419486 37.729046, -122.416637 37.728809, -122.415193 37.729223, -122.41446 37.727457, -122.418404 37.726425, -122.418888 37.72496599999999, -122.419875 37.72471, -122.421847 37.724199, -122.423336 37.727792, -122.424199 37.728736, -122.43039 37.728547, -122.431294 37.72873))",6075025600
6075025600,0.0012879769,06,075,025600,1400000US06075025600,06075025600,256,CT,562531,0,"POLYGON ((-122.431294 37.72873, -122.430199 37.729872, -122.430165 37.729851, -122.429304 37.730742, -122.428038 37.732016, -122.426104 37.731651, -122.423982 37.731552, -122.421703 37.731807, -122.419514 37.73149, -122.419486 37.729046, -122.416637 37.728809, -122.415193 37.729223, -122.41446 37.727457, -122.418404 37.726425, -122.418888 37.72496599999999, -122.419875 37.72471, -122.421847 37.724199, -122.423336 37.727792, -122.424199 37.728736, -122.43039 37.728547, -122.431294 37.72873))",6075025600
6075025701,0.002778329,06,075,025701,1400000US06075025701,06075025701,257.01,CT,627371,0,"POLYGON ((-122.421703 37.731807, -122.415939 37.732072, -122.414388 37.732417, -122.409798 37.734828, -122.408779 37.735817, -122.408217 37.737612, -122.406853 37.73805, -122.406551 37.735721, -122.406295 37.735307, -122.405608 37.732439, -122.408509 37.731552, -122.40756 37.729261, -122.410519 37.728488, -122.41446 37.727457, -122.415193 37.729223, -122.416637 37.728809, -122.419486 37.729046, -122.419514 37.73149, -122.421703 37.731807))",6075025701
6075025702,0.0018151851,06,075,025702,1400000US06075025702,06075025702,257.02,CT,533460,0,"POLYGON ((-122.410519 37.728488, -122.40756 37.729261, -122.408509 37.731552, -122.405608 37.732439, -122.406295 37.735307, -122.40506 37.733652, -122.404657 37.732949, -122.402752 37.729357, -122.402105 37.72779, -122.401183 37.724588, -122.400785 37.723616, -122.402061 37.72392, -122.4026 37.725235, -122.405572 37.724461, -122.408529 37.723688, -122.410519 37.728488))",6075025702
6075025702,0.0013623303,06,075,025702,1400000US06075025702,06075025702,257.02,CT,533460,0,"POLYGON ((-122.410519 37.728488, -122.40756 37.729261, -122.408509 37.731552, -122.405608 37.732439, -122.406295 37.735307, -122.40506 37.733652, -122.404657 37.732949, -122.402752 37.729357, -122.402105 37.72779, -122.401183 37.724588, -122.400785 37.723616, -122.402061 37.72392, -122.4026 37.725235, -122.405572 37.724461, -122.408529 37.723688, -122.410519 37.728488))",6075025702
6075025800,0.0018151851,06,075,025800,1400000US06075025800,06075025800,258,CT,241711,0,"POLYGON ((-122.405572 37.724461, -122.4026 37.725235, -122.402061 37.72392, -122.400785 37.723616, -122.398863 37.718683, -122.399615 37.716278, -122.400435 37.719162, -122.402103 37.718721, -122.403078 37.72113, -122.404059 37.720864, -122.405572 37.724461))",6075025800
6075025900,0.0012646759,06,075,025900,1400000US06075025900,06075025900,259,CT,658503,81108,"POLYGON ((-122.418888 37.72496599999999, -122.418404 37.726425, -122.41446 37.727457, -122.410519 37.728488, -122.408529 37.723688, -122.405572 37.724461, -122.404059 37.720864, -122.403078 37.72113, -122.402103 37.718721, -122.403071 37.71846499999999, -122.4061 37.719837, -122.406665 37.719215, -122.407036 37.720085, -122.41099 37.719074, -122.412468 37.722658, -122.412969 37.723858, -122.416632 37.722157, -122.419875 37.72471, -122.418888 37.72496599999999))",6075025900
6075026001,0.0012749612,06,075,026001,1400000US06075026001,06075026001,260.01,CT,407294,0,"POLYGON ((-122.435385 37.723909, -122.434798 37.724683, -122.433982 37.725762, -122.432447 37.727637, -122.426912 37.725151, -122.428074 37.723591, -122.428837 37.723955, -122.430026 37.722398, -122.431205 37.720856, -122.432385 37.71929799999999, -122.433985 37.720063, -122.43715 37.721575, -122.435385 37.723909))",6075026001
6075026001,0.001343157,06,075,026001,1400000US06075026001,06075026001,260.01,CT,407294,0,"POLYGON ((-122.435385 37.723909, -122.434798 37.724683, -122.433982 37.725762, -122.432447 37.727637, -122.426912 37.725151, -122.428074 37.723591, -122.428837 37.723955, -122.430026 37.722398, -122.431205 37.720856, -122.432385 37.71929799999999, -122.433985 37.720063, -122.43715 37.721575, -122.435385 37.723909))",6075026001
6075026002,0.0011365404,06,075,026002,1400000US06075026002,06075026002,260.02,CT,357872,0,"POLYGON ((-122.431801 37.728249, -122.431294 37.72873, -122.43039 37.728547, -122.424199 37.728736, -122.423336 37.727792, -122.421847 37.724199, -122.423807 37.723691, -122.424771 37.722172, -122.428074 37.723591, -122.426912 37.725151, -122.432447 37.727637, -122.431801 37.728249))",6075026002
6075026003,0.0018151851,06,075,026003,1400000US06075026003,06075026003,260.03,CT,402979,0,"POLYGON ((-122.432385 37.71929799999999, -122.431205 37.720856, -122.430026 37.722398, -122.428837 37.723955, -122.428074 37.723591, -122.424771 37.722172, -122.42583 37.719302, -122.42639 37.718561, -122.427189 37.715748, -122.431154 37.716594, -122.433555 37.717744, -122.432385 37.71929799999999))",6075026003
6075026004,0.001983843,06,075,026004,1400000US06075026004,06075026004,260.04,CT,336229,0,"POLYGON ((-122.440141 37.717692, -122.437502 37.721176, -122.43715 37.721575, -122.433985 37.720063, -122.432385 37.71929799999999, -122.433555 37.717744, -122.431154 37.716594, -122.432777 37.714437, -122.437046 37.716008, -122.440418 37.717245, -122.440141 37.717692))",6075026004
6075026004,0.0011113065,06,075,026004,1400000US06075026004,06075026004,260.04,CT,336229,0,"POLYGON ((-122.440141 37.717692, -122.437502 37.721176, -122.43715 37.721575, -122.433985 37.720063, -122.432385 37.71929799999999, -122.433555 37.717744, -122.431154 37.716594, -122.432777 37.714437, -122.437046 37.716008, -122.440418 37.717245, -122.440141 37.717692))",6075026004
6075026100,0.0018151851,06,075,026100,1400000US06075026100,06075026100,261,CT,751208,0,"POLYGON ((-122.448582 37.718411, -122.447878 37.723005, -122.44473 37.722987, -122.444486 37.722974, -122.438787 37.723637, -122.43702 37.723723, -122.435385 37.723909, -122.43715 37.721575, -122.437502 37.721176, -122.440141 37.717692, -122.440418 37.717245, -122.440999 37.716488, -122.441896 37.715308, -122.443706 37.713592, -122.446945 37.716187, -122.44796 37.717, -122.448727 37.71745, -122.448582 37.718411))",6075026100
6075026100,0.0013410073,06,075,026100,1400000US06075026100,06075026100,261,CT,751208,0,"POLYGON ((-122.448582 37.718411, -122.447878 37.723005, -122.44473 37.722987, -122.444486 37.722974, -122.438787 37.723637, -122.43702 37.723723, -122.435385 37.723909, -122.43715 37.721575, -122.437502 37.721176, -122.440141 37.717692, -122.440418 37.717245, -122.440999 37.716488, -122.441896 37.715308, -122.443706 37.713592, -122.446945 37.716187, -122.44796 37.717, -122.448727 37.71745, -122.448582 37.718411))",6075026100
6075026200,0.0018151851,06,075,026200,1400000US06075026200,06075026200,262,CT,774531,0,"POLYGON ((-122.465994 37.710154, -122.460858 37.710586, -122.457312 37.710648, -122.456376 37.710825, -122.455619 37.711066, -122.455028 37.711317, -122.452884 37.712829, -122.449627 37.715739, -122.448727 37.71745, -122.44796 37.717, -122.446945 37.716187, -122.443706 37.713592, -122.444571 37.712783, -122.446091 37.711592, -122.449309 37.709946, -122.452665 37.708806, -122.453983 37.708232, -122.458509 37.708231, -122.45905 37.708231, -122.468939 37.708232, -122.465994 37.710154))",6075026200
6075026200,0.0013528107,06,075,026200,1400000US06075026200,06075026200,262,CT,774531,0,"POLYGON ((-122.465994 37.710154, -122.460858 37.710586, -122.457312 37.710648, -122.456376 37.710825, -122.455619 37.711066, -122.455028 37.711317, -122.452884 37.712829, -122.449627 37.715739, -122.448727 37.71745, -122.44796 37.717, -122.446945 37.716187, -122.443706 37.713592, -122.444571 37.712783, -122.446091 37.711592, -122.449309 37.709946, -122.452665 37.708806, -122.453983 37.708232, -122.458509 37.708231, -122.45905 37.708231, -122.468939 37.708232, -122.465994 37.710154))",6075026200
6075026301,0.0018151851,06,075,026301,1400000US06075026301,06075026301,263.01,CT,367744,0,"POLYGON ((-122.444571 37.712783, -122.443706 37.713592, -122.441896 37.715308, -122.440999 37.716488, -122.440418 37.717245, -122.437046 37.716008, -122.432777 37.714437, -122.433682 37.713181, -122.436144 37.714254, -122.436203 37.714171, -122.436642 37.71355, -122.437811 37.71192, -122.443335 37.710555, -122.444097 37.711689, -122.444571 37.712783))",6075026301
6075026301,0.0012044129,06,075,026301,1400000US06075026301,06075026301,263.01,CT,367744,0,"POLYGON ((-122.444571 37.712783, -122.443706 37.713592, -122.441896 37.715308, -122.440999 37.716488, -122.440418 37.717245, -122.437046 37.716008, -122.432777 37.714437, -122.433682 37.713181, -122.436144 37.714254, -122.436203 37.714171, -122.436642 37.71355, -122.437811 37.71192, -122.443335 37.710555, -122.444097 37.711689, -122.444571 37.712783))",6075026301
6075026302,0.0018151851,06,075,026302,1400000US06075026302,06075026302,263.02,CT,760317,0,"POLYGON ((-122.437811 37.71192, -122.436642 37.71355, -122.436203 37.714171, -122.436144 37.714254, -122.433682 37.713181, -122.432777 37.714437, -122.431154 37.716594, -122.427189 37.715748, -122.425548 37.714517, -122.426737 37.711225, -122.424478 37.71011, -122.423377 37.709203, -122.42389 37.708236, -122.428082 37.708431, -122.430027 37.708281, -122.431341 37.708231, -122.433382 37.708232, -122.433982 37.708132, -122.435382 37.708132, -122.436771 37.710156, -122.436993 37.710746, -122.43837 37.711133, -122.437811 37.71192))",6075026302
6075026303,0.0015730178,06,075,026303,1400000US06075026303,06075026303,263.03,CT,426600,0,"POLYGON ((-122.452665 37.708806, -122.449309 37.709946, -122.446091 37.711592, -122.444571 37.712783, -122.444097 37.711689, -122.443335 37.710555, -122.437811 37.71192, -122.43837 37.711133, -122.436993 37.710746, -122.436771 37.710156, -122.435382 37.708132, -122.440781 37.708304, -122.442079 37.708231, -122.444482 37.708332, -122.445875 37.708233, -122.449751 37.708213, -122.4523 37.708138, -122.45247 37.708148, -122.453983 37.708232, -122.452665 37.708806))",6075026303
6075026303,0.0013210144,06,075,026303,1400000US06075026303,06075026303,263.03,CT,426600,0,"POLYGON ((-122.452665 37.708806, -122.449309 37.709946, -122.446091 37.711592, -122.444571 37.712783, -122.444097 37.711689, -122.443335 37.710555, -122.437811 37.71192, -122.43837 37.711133, -122.436993 37.710746, -122.436771 37.710156, -122.435382 37.708132, -122.440781 37.708304, -122.442079 37.708231, -122.444482 37.708332, -122.445875 37.708233, -122.449751 37.708213, -122.4523 37.708138, -122.45247 37.708148, -122.453983 37.708232, -122.452665 37.708806))",6075026303
6075026401,0.0018151851,06,075,026401,1400000US06075026401,06075026401,264.01,CT,341043,0,"POLYGON ((-122.415635 37.712733, -122.415291 37.713504, -122.415396 37.715474, -122.411316 37.714367, -122.410433 37.716414, -122.406189 37.715244, -122.407927 37.711448, -122.410641 37.71220599999999, -122.411349 37.710605, -122.412887 37.711036, -122.416 37.711915, -122.415635 37.712733))",6075026401
6075026401,0.0010745589,06,075,026401,1400000US06075026401,06075026401,264.01,CT,341043,0,"POLYGON ((-122.415635 37.712733, -122.415291 37.713504, -122.415396 37.715474, -122.411316 37.714367, -122.410433 37.716414, -122.406189 37.715244, -122.407927 37.711448, -122.410641 37.71220599999999, -122.411349 37.710605, -122.412887 37.711036, -122.416 37.711915, -122.415635 37.712733))",6075026401
6075026402,0.0024422025,06,075,026402,1400000US06075026402,06075026402,264.02,CT,414505,0,"POLYGON ((-122.407949 37.716671, -122.407272 37.71782, -122.406665 37.719215, -122.4061 37.719837, -122.403071 37.71846499999999, -122.402103 37.718721, -122.400435 37.719162, -122.399615 37.716278, -122.398863 37.718683, -122.398515 37.717664, -122.398328 37.716259, -122.400455 37.713118, -122.402546 37.712266, -122.402154 37.712656, -122.402188 37.714731, -122.403617 37.714327, -122.406189 37.715244, -122.410433 37.716414, -122.407949 37.716671))",6075026402
6075026403,0.0018151851,06,075,026403,1400000US06075026403,06075026403,264.03,CT,379382,0,"POLYGON ((-122.411349 37.710605, -122.410641 37.71220599999999, -122.407927 37.711448, -122.406189 37.715244, -122.403617 37.714327, -122.402188 37.714731, -122.402154 37.712656, -122.402546 37.712266, -122.403109 37.711998, -122.404348 37.710443, -122.404821 37.709747, -122.405582 37.708231, -122.406481 37.708323, -122.41238 37.708303, -122.411349 37.710605))",6075026403
6075026403,0.0012879769,06,075,026403,1400000US06075026403,06075026403,264.03,CT,379382,0,"POLYGON ((-122.411349 37.710605, -122.410641 37.71220599999999, -122.407927 37.711448, -122.406189 37.715244, -122.403617 37.714327, -122.402188 37.714731, -122.402154 37.712656, -122.402546 37.712266, -122.403109 37.711998, -122.404348 37.710443, -122.404821 37.709747, -122.405582 37.708231, -122.406481 37.708323, -122.41238 37.708303, -122.411349 37.710605))",6075026403
6075030101,0.0010631704,06,075,030101,1400000US06075030101,06075030101,301.01,CT,346434,0,"POLYGON ((-122.464297 37.765963, -122.46109 37.766132, -122.458405 37.76616, -122.45779 37.766015, -122.456913 37.765874, -122.452947 37.766374, -122.452758 37.765443, -122.452569 37.764509, -122.455466 37.764161, -122.457536 37.763566, -122.460843 37.762628, -122.462972 37.762316, -122.463226 37.758562, -122.463782 37.758538, -122.463912 37.760405, -122.464042 37.762269, -122.464172 37.764131, -122.464297 37.765963))",6075030101
6075030101,0.0012475194,06,075,030101,1400000US06075030101,06075030101,301.01,CT,346434,0,"POLYGON ((-122.464297 37.765963, -122.46109 37.766132, -122.458405 37.76616, -122.45779 37.766015, -122.456913 37.765874, -122.452947 37.766374, -122.452758 37.765443, -122.452569 37.764509, -122.455466 37.764161, -122.457536 37.763566, -122.460843 37.762628, -122.462972 37.762316, -122.463226 37.758562, -122.463782 37.758538, -122.463912 37.760405, -122.464042 37.762269, -122.464172 37.764131, -122.464297 37.765963))",6075030101
6075030102,0.00084363134,06,075,030102,1400000US06075030102,06075030102,301.02,CT,1260212,14870,"POLYGON ((-122.463782 37.758538, -122.463226 37.758562, -122.462972 37.762316, -122.460843 37.762628, -122.457536 37.763566, -122.455466 37.764161, -122.452569 37.764509, -122.4524 37.763669, -122.451958 37.761478, -122.44912 37.761648, -122.446783 37.761781, -122.446394 37.760907, -122.446395 37.758856, -122.447915 37.757589, -122.448535 37.759045, -122.451367 37.758576, -122.453872 37.757378, -122.454078 37.757027, -122.454172 37.756507, -122.455537 37.753774, -122.456091 37.751804, -122.46147 37.751522, -122.462108 37.75197199999999, -122.463361 37.753039, -122.46377 37.754142, -122.463658 37.756764, -122.463782 37.758538))",6075030102
6075030102,0.0012879769,06,075,030102,1400000US06075030102,06075030102,301.02,CT,1260212,14870,"POLYGON ((-122.463782 37.758538, -122.463226 37.758562, -122.462972 37.762316, -122.460843 37.762628, -122.457536 37.763566, -122.455466 37.764161, -122.452569 37.764509, -122.4524 37.763669, -122.451958 37.761478, -122.44912 37.761648, -122.446783 37.761781, -122.446394 37.760907, -122.446395 37.758856, -122.447915 37.757589, -122.448535 37.759045, -122.451367 37.758576, -122.453872 37.757378, -122.454078 37.757027, -122.454172 37.756507, -122.455537 37.753774, -122.456091 37.751804, -122.46147 37.751522, -122.462108 37.75197199999999, -122.463361 37.753039, -122.46377 37.754142, -122.463658 37.756764, -122.463782 37.758538))",6075030102
6075030201,0.0011737632,06,075,030201,1400000US06075030201,06075030201,302.01,CT,360958,0,"POLYGON ((-122.477261 37.765486, -122.47073 37.76577899999999, -122.470595 37.763849, -122.470468 37.762027, -122.470335 37.760124, -122.476762 37.759837, -122.476974 37.761701, -122.477116 37.763562, -122.477261 37.765486))",6075030201
6075030201,0.0010745589,06,075,030201,1400000US06075030201,06075030201,302.01,CT,360958,0,"POLYGON ((-122.477261 37.765486, -122.47073 37.76577899999999, -122.470595 37.763849, -122.470468 37.762027, -122.470335 37.760124, -122.476762 37.759837, -122.476974 37.761701, -122.477116 37.763562, -122.477261 37.765486))",6075030201
6075030202,0.0011518816,06,075,030202,1400000US06075030202,06075030202,302.02,CT,355664,0,"POLYGON ((-122.47073 37.76577899999999, -122.464297 37.765963, -122.464172 37.764131, -122.464042 37.762269, -122.463912 37.760405, -122.469263 37.760171, -122.470335 37.760124, -122.470468 37.762027, -122.470595 37.763849, -122.47073 37.76577899999999))",6075030202
6075030301,0.0013386364,06,075,030301,1400000US06075030301,06075030301,303.01,CT,752520,0,"POLYGON ((-122.476762 37.759837, -122.470335 37.760124, -122.469263 37.760171, -122.463912 37.760405, -122.463782 37.758538, -122.463658 37.756764, -122.46377 37.754142, -122.463361 37.753039, -122.463433 37.753028, -122.464462 37.752899, -122.4666 37.752803, -122.468335 37.753244, -122.469782 37.752675, -122.47068 37.752376, -122.470908 37.752616, -122.47121 37.755194, -122.473683 37.756237, -122.4766 37.756108, -122.476699 37.757968, -122.47687 37.759832, -122.476762 37.759837))",6075030301
6075030301,0.0012950276,06,075,030301,1400000US06075030301,06075030301,303.01,CT,752520,0,"POLYGON ((-122.476762 37.759837, -122.470335 37.760124, -122.469263 37.760171, -122.463912 37.760405, -122.463782 37.758538, -122.463658 37.756764, -122.46377 37.754142, -122.463361 37.753039, -122.463433 37.753028, -122.464462 37.752899, -122.4666 37.752803, -122.468335 37.753244, -122.469782 37.752675, -122.47068 37.752376, -122.470908 37.752616, -122.47121 37.755194, -122.473683 37.756237, -122.4766 37.756108, -122.476699 37.757968, -122.47687 37.759832, -122.476762 37.759837))",6075030301
6075030302,0.0018151851,06,075,030302,1400000US06075030302,06075030302,303.02,CT,597812,0,"POLYGON ((-122.4766 37.756108, -122.473683 37.756237, -122.47121 37.755194, -122.470908 37.752616, -122.47068 37.752376, -122.469782 37.752675, -122.468335 37.753244, -122.4666 37.752803, -122.464462 37.752899, -122.463442 37.751195, -122.464186 37.750717, -122.465403 37.750986, -122.466469 37.750939, -122.466336 37.749075, -122.469549 37.748903, -122.470595 37.748869, -122.476131 37.748643, -122.476221 37.750509, -122.476355 37.752376, -122.4766 37.756108))",6075030302
6075030302,0.0012365069,06,075,030302,1400000US06075030302,06075030302,303.02,CT,597812,0,"POLYGON ((-122.4766 37.756108, -122.473683 37.756237, -122.47121 37.755194, -122.470908 37.752616, -122.47068 37.752376, -122.469782 37.752675, -122.468335 37.753244, -122.4666 37.752803, -122.464462 37.752899, -122.463442 37.751195, -122.464186 37.750717, -122.465403 37.750986, -122.466469 37.750939, -122.466336 37.749075, -122.469549 37.748903, -122.470595 37.748869, -122.476131 37.748643, -122.476221 37.750509, -122.476355 37.752376, -122.4766 37.756108))",6075030302
6075030400,0.0012837145,06,075,030400,1400000US06075030400,06075030400,304,CT,973464,0,"POLYGON ((-122.476131 37.748643, -122.470595 37.748869, -122.469549 37.748903, -122.466336 37.749075, -122.466469 37.750939, -122.465403 37.750986, -122.464186 37.750717, -122.463442 37.751195, -122.464462 37.752899, -122.463433 37.753028, -122.463361 37.753039, -122.462108 37.75197199999999, -122.46147 37.751522, -122.458635 37.747769, -122.459174 37.747286, -122.461381 37.745569, -122.463686 37.743749, -122.465807 37.743574, -122.466043 37.743555, -122.470235 37.743289, -122.475726 37.743049, -122.475854 37.744915, -122.476007 37.746778, -122.476131 37.748643))",6075030400
6075030400,0.0013318608,06,075,030400,1400000US06075030400,06075030400,304,CT,973464,0,"POLYGON ((-122.476131 37.748643, -122.470595 37.748869, -122.469549 37.748903, -122.466336 37.749075, -122.466469 37.750939, -122.465403 37.750986, -122.464186 37.750717, -122.463442 37.751195, -122.464462 37.752899, -122.463433 37.753028, -122.463361 37.753039, -122.462108 37.75197199999999, -122.46147 37.751522, -122.458635 37.747769, -122.459174 37.747286, -122.461381 37.745569, -122.463686 37.743749, -122.465807 37.743574, -122.466043 37.743555, -122.470235 37.743289, -122.475726 37.743049, -122.475854 37.744915, -122.476007 37.746778, -122.476131 37.748643))",6075030400
6075030700,0.0011322903,06,075,030700,1400000US06075030700,06075030700,307,CT,1431895,9359,"POLYGON ((-122.459592 37.738533, -122.458849 37.739158, -122.458082 37.739099, -122.454932 37.741777, -122.45464 37.742326, -122.454238 37.742835, -122.453773 37.743219, -122.452306 37.742819, -122.449861 37.743265, -122.446658 37.742442, -122.445987 37.74118, -122.442525 37.739448, -122.442489 37.737289, -122.443649 37.736519, -122.443829 37.736134, -122.439915 37.734901, -122.438392 37.73442, -122.438816 37.733087, -122.439752 37.733111, -122.448873 37.733069, -122.453425 37.73304, -122.456156 37.734212, -122.459505 37.734291, -122.460282 37.737855, -122.459592 37.738533))",6075030700
6075030700,0.0018151851,06,075,030700,1400000US06075030700,06075030700,307,CT,1431895,9359,"POLYGON ((-122.459592 37.738533, -122.458849 37.739158, -122.458082 37.739099, -122.454932 37.741777, -122.45464 37.742326, -122.454238 37.742835, -122.453773 37.743219, -122.452306 37.742819, -122.449861 37.743265, -122.446658 37.742442, -122.445987 37.74118, -122.442525 37.739448, -122.442489 37.737289, -122.443649 37.736519, -122.443829 37.736134, -122.439915 37.734901, -122.438392 37.73442, -122.438816 37.733087, -122.439752 37.733111, -122.448873 37.733069, -122.453425 37.73304, -122.456156 37.734212, -122.459505 37.734291, -122.460282 37.737855, -122.459592 37.738533))",6075030700
6075031100,0.0013396397,06,075,031100,1400000US06075031100,06075031100,311,CT,1078276,0,"POLYGON ((-122.453394 37.729837, -122.453411 37.731568, -122.453425 37.73304, -122.448873 37.733069, -122.439752 37.733111, -122.438816 37.733087, -122.438392 37.73442, -122.435825 37.733924, -122.433104 37.733419, -122.432422 37.733176, -122.435892 37.731577, -122.439558 37.730191, -122.439483 37.730112, -122.443075 37.728634, -122.443664 37.728304, -122.446308 37.725978, -122.447878 37.723005, -122.449546 37.723011, -122.451596 37.723033, -122.452335 37.72318, -122.452382 37.727868, -122.454002 37.729166, -122.453394 37.729837))",6075031100
6075031100,0.0013617468,06,075,031100,1400000US06075031100,06075031100,311,CT,1078276,0,"POLYGON ((-122.453394 37.729837, -122.453411 37.731568, -122.453425 37.73304, -122.448873 37.733069, -122.439752 37.733111, -122.438816 37.733087, -122.438392 37.73442, -122.435825 37.733924, -122.433104 37.733419, -122.432422 37.733176, -122.435892 37.731577, -122.439558 37.730191, -122.439483 37.730112, -122.443075 37.728634, -122.443664 37.728304, -122.446308 37.725978, -122.447878 37.723005, -122.449546 37.723011, -122.451596 37.723033, -122.452335 37.72318, -122.452382 37.727868, -122.454002 37.729166, -122.453394 37.729837))",6075031100
6075031201,0.0012217843,06,075,031201,1400000US06075031201,06075031201,312.01,CT,512108,0,"POLYGON ((-122.462265 37.721748, -122.462199 37.725293, -122.461202 37.724974, -122.459213 37.724563, -122.458191 37.72434399999999, -122.453105 37.723206, -122.452335 37.72318, -122.451596 37.723033, -122.449546 37.723011, -122.451646 37.719686, -122.452506 37.72003, -122.459198 37.720024, -122.459187 37.71823, -122.462245 37.71822, -122.462265 37.721748))",6075031201
6075031202,0.0018151851,06,075,031202,1400000US06075031202,06075031202,312.02,CT,309420,0,"POLYGON ((-122.459198 37.720024, -122.452506 37.72003, -122.451646 37.719686, -122.449546 37.723011, -122.447878 37.723005, -122.448582 37.718411, -122.450378 37.716169, -122.451895 37.716978, -122.453378 37.717768, -122.454189 37.718239, -122.456108 37.718235, -122.459187 37.71823, -122.459198 37.720024))",6075031202
6075031202,0.0013418683,06,075,031202,1400000US06075031202,06075031202,312.02,CT,309420,0,"POLYGON ((-122.459198 37.720024, -122.452506 37.72003, -122.451646 37.719686, -122.449546 37.723011, -122.447878 37.723005, -122.448582 37.718411, -122.450378 37.716169, -122.451895 37.716978, -122.453378 37.717768, -122.454189 37.718239, -122.456108 37.718235, -122.459187 37.71823, -122.459198 37.720024))",6075031202
6075031302,0.0013434018,06,075,031302,1400000US06075031302,06075031302,313.02,CT,684969,0,"POLYGON ((-122.471572 37.716126, -122.468017 37.716103, -122.468036 37.7179, -122.466235 37.717912, -122.46264 37.717936, -122.462615 37.715619, -122.462602 37.714308, -122.462569 37.71315, -122.462556 37.711254, -122.460858 37.710586, -122.465994 37.710154, -122.468939 37.708232, -122.469236 37.708232, -122.471319 37.708305, -122.471215 37.708939, -122.471355 37.712802, -122.471472 37.713427, -122.472672 37.717248, -122.471572 37.716126))",6075031302
6075031400,0.0016243852,06,075,031400,1400000US06075031400,06075031400,314,CT,770543,0,"POLYGON ((-122.46264 37.717936, -122.462245 37.71822, -122.459187 37.71823, -122.456108 37.718235, -122.454189 37.718239, -122.453378 37.717768, -122.451895 37.716978, -122.450378 37.716169, -122.448582 37.718411, -122.448727 37.71745, -122.449627 37.715739, -122.452884 37.712829, -122.455028 37.711317, -122.455619 37.711066, -122.456376 37.710825, -122.457312 37.710648, -122.460858 37.710586, -122.462556 37.711254, -122.462569 37.71315, -122.462602 37.714308, -122.462615 37.715619, -122.46264 37.717936))",6075031400
6075031400,0.0018151851,06,075,031400,1400000US06075031400,06075031400,314,CT,770543,0,"POLYGON ((-122.46264 37.717936, -122.462245 37.71822, -122.459187 37.71823, -122.456108 37.718235, -122.454189 37.718239, -122.453378 37.717768, -122.451895 37.716978, -122.450378 37.716169, -122.448582 37.718411, -122.448727 37.71745, -122.449627 37.715739, -122.452884 37.712829, -122.455028 37.711317, -122.455619 37.711066, -122.456376 37.710825, -122.457312 37.710648, -122.460858 37.710586, -122.462556 37.711254, -122.462569 37.71315, -122.462602 37.714308, -122.462615 37.715619, -122.46264 37.717936))",6075031400
6075032601,0.0018151851,06,075,032601,1400000US06075032601,06075032601,326.01,CT,417682,0,"POLYGON ((-122.484763 37.76516, -122.477261 37.765486, -122.477116 37.763562, -122.476974 37.761701, -122.476762 37.759837, -122.47687 37.759832, -122.484365 37.759501, -122.484496 37.76137, -122.484627 37.763231, -122.484763 37.76516))",6075032601
6075032601,0.0013652332,06,075,032601,1400000US06075032601,06075032601,326.01,CT,417682,0,"POLYGON ((-122.484763 37.76516, -122.477261 37.765486, -122.477116 37.763562, -122.476974 37.761701, -122.476762 37.759837, -122.47687 37.759832, -122.484365 37.759501, -122.484496 37.76137, -122.484627 37.763231, -122.484763 37.76516))",6075032601
6075032602,0.0018151851,06,075,032602,1400000US06075032602,06075032602,326.02,CT,472116,0,"POLYGON ((-122.486906 37.765054, -122.484763 37.76516, -122.484627 37.763231, -122.484496 37.76137, -122.484365 37.759501, -122.47687 37.759832, -122.476699 37.757968, -122.4766 37.756108, -122.479817 37.755966, -122.484104 37.75577699999999, -122.486248 37.755683, -122.486382 37.757542, -122.486512 37.759407, -122.48664 37.761276, -122.48677 37.763137, -122.486906 37.765054))",6075032602
6075032602,0.0013062918,06,075,032602,1400000US06075032602,06075032602,326.02,CT,472116,0,"POLYGON ((-122.486906 37.765054, -122.484763 37.76516, -122.484627 37.763231, -122.484496 37.76137, -122.484365 37.759501, -122.47687 37.759832, -122.476699 37.757968, -122.4766 37.756108, -122.479817 37.755966, -122.484104 37.75577699999999, -122.486248 37.755683, -122.486382 37.757542, -122.486512 37.759407, -122.48664 37.761276, -122.48677 37.763137, -122.486906 37.765054))",6075032602
6075032700,0.0013164792,06,075,032700,1400000US06075032700,06075032700,327,CT,844707,0,"POLYGON ((-122.496085 37.764675, -122.493336 37.764774, -122.486906 37.765054, -122.48677 37.763137, -122.48664 37.761276, -122.486512 37.759407, -122.486382 37.757542, -122.486248 37.755683, -122.492675 37.755398, -122.495433 37.755273, -122.495555 37.757137, -122.495692 37.759001, -122.495822 37.760871, -122.49595 37.762732, -122.496085 37.764675))",6075032700
6075032700,0.0013421031,06,075,032700,1400000US06075032700,06075032700,327,CT,844707,0,"POLYGON ((-122.496085 37.764675, -122.493336 37.764774, -122.486906 37.765054, -122.48677 37.763137, -122.48664 37.761276, -122.486512 37.759407, -122.486382 37.757542, -122.486248 37.755683, -122.492675 37.755398, -122.495433 37.755273, -122.495555 37.757137, -122.495692 37.759001, -122.495822 37.760871, -122.49595 37.762732, -122.496085 37.764675))",6075032700
6075032801,0.0018151851,06,075,032801,1400000US06075032801,06075032801,328.01,CT,585365,0,"POLYGON ((-122.485727 37.74822, -122.479296 37.748504, -122.479426 37.750368, -122.476221 37.750509, -122.476131 37.748643, -122.476007 37.746778, -122.475854 37.744915, -122.475726 37.743049, -122.485335 37.742626, -122.485466 37.744493, -122.485597 37.746354, -122.485727 37.74822))",6075032801
6075032801,0.0013509206,06,075,032801,1400000US06075032801,06075032801,328.01,CT,585365,0,"POLYGON ((-122.485727 37.74822, -122.479296 37.748504, -122.479426 37.750368, -122.476221 37.750509, -122.476131 37.748643, -122.476007 37.746778, -122.475854 37.744915, -122.475726 37.743049, -122.485335 37.742626, -122.485466 37.744493, -122.485597 37.746354, -122.485727 37.74822))",6075032801
6075032802,0.0015789976,06,075,032802,1400000US06075032802,06075032802,328.02,CT,548900,97204,"POLYGON ((-122.486248 37.755683, -122.484104 37.75577699999999, -122.479817 37.755966, -122.4766 37.756108, -122.476355 37.752376, -122.476221 37.750509, -122.479426 37.750368, -122.479296 37.748504, -122.485727 37.74822, -122.485857 37.750085, -122.485988 37.751951, -122.486118 37.753815, -122.486248 37.755683))",6075032802
6075032802,0.001104004,06,075,032802,1400000US06075032802,06075032802,328.02,CT,548900,97204,"POLYGON ((-122.486248 37.755683, -122.484104 37.75577699999999, -122.479817 37.755966, -122.4766 37.756108, -122.476355 37.752376, -122.476221 37.750509, -122.479426 37.750368, -122.479296 37.748504, -122.485727 37.74822, -122.485857 37.750085, -122.485988 37.751951, -122.486118 37.753815, -122.486248 37.755683))",6075032802
6075032901,0.0018151851,06,075,032901,1400000US06075032901,06075032901,329.01,CT,671900,0,"POLYGON ((-122.495046 37.749681, -122.485857 37.750085, -122.485727 37.74822, -122.485597 37.746354, -122.485466 37.744493, -122.485335 37.742626, -122.494504 37.742222, -122.494646 37.744089, -122.494774 37.745949, -122.494911 37.747814, -122.495046 37.749681))",6075032901
6075032902,0.0018151851,06,075,032902,1400000US06075032902,06075032902,329.02,CT,504600,0,"POLYGON ((-122.495433 37.755273, -122.492675 37.755398, -122.486248 37.755683, -122.486118 37.753815, -122.485988 37.751951, -122.485857 37.750085, -122.495046 37.749681, -122.495165 37.751543, -122.495307 37.75341, -122.495433 37.755273))",6075032902
6075032902,0.0011150165,06,075,032902,1400000US06075032902,06075032902,329.02,CT,504600,0,"POLYGON ((-122.495433 37.755273, -122.492675 37.755398, -122.486248 37.755683, -122.486118 37.753815, -122.485988 37.751951, -122.485857 37.750085, -122.495046 37.749681, -122.495165 37.751543, -122.495307 37.75341, -122.495433 37.755273))",6075032902
6075033000,0.0013528849,06,075,033000,1400000US06075033000,06075033000,330,CT,1503630,8871,"POLYGON ((-122.494504 37.742222, -122.485335 37.742626, -122.475726 37.743049, -122.475621 37.741183, -122.475485 37.739321, -122.47539 37.73745, -122.475189 37.734762, -122.479547 37.734619, -122.480254 37.73459, -122.485518 37.734356, -122.485855 37.734182, -122.491294 37.734096, -122.493784 37.733989, -122.494126 37.736631, -122.494253 37.738493, -122.494404 37.740352, -122.494504 37.742222))",6075033000
6075033000,0.0012754985,06,075,033000,1400000US06075033000,06075033000,330,CT,1503630,8871,"POLYGON ((-122.494504 37.742222, -122.485335 37.742626, -122.475726 37.743049, -122.475621 37.741183, -122.475485 37.739321, -122.47539 37.73745, -122.475189 37.734762, -122.479547 37.734619, -122.480254 37.73459, -122.485518 37.734356, -122.485855 37.734182, -122.491294 37.734096, -122.493784 37.733989, -122.494126 37.736631, -122.494253 37.738493, -122.494404 37.740352, -122.494504 37.742222))",6075033000
6075033100,0.0018151851,06,075,033100,1400000US06075033100,06075033100,331,CT,895560,0,"POLYGON ((-122.499059 37.731576, -122.496564 37.733856, -122.493784 37.733989, -122.491294 37.734096, -122.485855 37.734182, -122.485518 37.734356, -122.480254 37.73459, -122.479547 37.734619, -122.475189 37.734762, -122.475173 37.734562, -122.474972 37.731072, -122.480015 37.731148, -122.48193 37.731172, -122.485302 37.730946, -122.486179 37.730879, -122.486606 37.729555, -122.48889 37.730257, -122.492161 37.728836, -122.493529 37.729594, -122.497017 37.729303, -122.499059 37.731576))",6075033100
6075035100,0.0012908417,06,075,035100,1400000US06075035100,06075035100,351,CT,925693,0,"POLYGON ((-122.502979 37.764344, -122.496085 37.764675, -122.49595 37.762732, -122.495822 37.760871, -122.495692 37.759001, -122.495555 37.757137, -122.495433 37.755273, -122.495307 37.75341, -122.495165 37.751543, -122.499914 37.751334, -122.499784 37.749472, -122.50193 37.749377, -122.50206 37.75124, -122.502191 37.753106, -122.502318 37.754953, -122.50245 37.756835, -122.502582 37.7587, -122.502713 37.760567, -122.502844 37.762427, -122.502979 37.764344))",6075035100
6075035100,0.0013264476,06,075,035100,1400000US06075035100,06075035100,351,CT,925693,0,"POLYGON ((-122.502979 37.764344, -122.496085 37.764675, -122.49595 37.762732, -122.495822 37.760871, -122.495692 37.759001, -122.495555 37.757137, -122.495433 37.755273, -122.495307 37.75341, -122.495165 37.751543, -122.499914 37.751334, -122.499784 37.749472, -122.50193 37.749377, -122.50206 37.75124, -122.502191 37.753106, -122.502318 37.754953, -122.50245 37.756835, -122.502582 37.7587, -122.502713 37.760567, -122.502844 37.762427, -122.502979 37.764344))",6075035100
6075035201,0.0011256671,06,075,035201,1400000US06075035201,06075035201,352.01,CT,939755,630051,"POLYGON ((-122.512070759187 37.7636593024008, -122.50987 37.76409, -122.509622 37.762127, -122.509382 37.760272, -122.509111 37.75841399999999, -122.502582 37.7587, -122.50245 37.756835, -122.502318 37.754953, -122.502191 37.753106, -122.50206 37.75124, -122.50193 37.749377, -122.505148 37.749235, -122.507942 37.749111, -122.509993368973 37.74881495033259, -122.512070759187 37.7636593024008))",6075035201
6075035201,0.0012585318,06,075,035201,1400000US06075035201,06075035201,352.01,CT,939755,630051,"POLYGON ((-122.512070759187 37.7636593024008, -122.50987 37.76409, -122.509622 37.762127, -122.509382 37.760272, -122.509111 37.75841399999999, -122.502582 37.7587, -122.50245 37.756835, -122.502318 37.754953, -122.502191 37.753106, -122.50206 37.75124, -122.50193 37.749377, -122.505148 37.749235, -122.507942 37.749111, -122.509993368973 37.74881495033259, -122.512070759187 37.7636593024008))",6075035201
6075035202,0.0011104837,06,075,035202,1400000US06075035202,06075035202,352.02,CT,372758,0,"POLYGON ((-122.50987 37.76409, -122.502979 37.764344, -122.502844 37.762427, -122.502713 37.760567, -122.502582 37.7587, -122.509111 37.75841399999999, -122.509382 37.760272, -122.509622 37.762127, -122.50987 37.76409))",6075035202
6075035202,0.001133449,06,075,035202,1400000US06075035202,06075035202,352.02,CT,372758,0,"POLYGON ((-122.50987 37.76409, -122.502979 37.764344, -122.502844 37.762427, -122.502713 37.760567, -122.502582 37.7587, -122.509111 37.75841399999999, -122.509382 37.760272, -122.509622 37.762127, -122.50987 37.76409))",6075035202
6075035300,0.0012546608,06,075,035300,1400000US06075035300,06075035300,353,CT,1126337,0,"POLYGON ((-122.50193 37.749377, -122.499784 37.749472, -122.499914 37.751334, -122.495165 37.751543, -122.495046 37.749681, -122.494911 37.747814, -122.494774 37.745949, -122.494646 37.744089, -122.494504 37.742222, -122.494404 37.740352, -122.494253 37.738493, -122.494126 37.736631, -122.493784 37.733989, -122.496564 37.733856, -122.497487 37.733925, -122.499139 37.734404, -122.501041 37.7353, -122.501142 37.738192, -122.501404 37.74191, -122.501536 37.743785, -122.50193 37.749377))",6075035300
6075035300,0.0013623303,06,075,035300,1400000US06075035300,06075035300,353,CT,1126337,0,"POLYGON ((-122.50193 37.749377, -122.499784 37.749472, -122.499914 37.751334, -122.495165 37.751543, -122.495046 37.749681, -122.494911 37.747814, -122.494774 37.745949, -122.494646 37.744089, -122.494504 37.742222, -122.494404 37.740352, -122.494253 37.738493, -122.494126 37.736631, -122.493784 37.733989, -122.496564 37.733856, -122.497487 37.733925, -122.499139 37.734404, -122.501041 37.7353, -122.501142 37.738192, -122.501404 37.74191, -122.501536 37.743785, -122.50193 37.749377))",6075035300
6075035400,0.0011210416,06,075,035400,1400000US06075035400,06075035400,354,CT,1033599,557642,"POLYGON ((-122.509993368973 37.74881495033259, -122.507942 37.749111, -122.505148 37.749235, -122.50193 37.749377, -122.501536 37.743785, -122.501404 37.74191, -122.501142 37.738192, -122.501041 37.7353, -122.502031 37.735515, -122.505262 37.735565, -122.506796 37.73555899999999, -122.508121548602 37.7354395332202, -122.509993368973 37.74881495033259))",6075035400
6075035400,0.0013110958,06,075,035400,1400000US06075035400,06075035400,354,CT,1033599,557642,"POLYGON ((-122.509993368973 37.74881495033259, -122.507942 37.749111, -122.505148 37.749235, -122.50193 37.749377, -122.501536 37.743785, -122.501404 37.74191, -122.501142 37.738192, -122.501041 37.7353, -122.502031 37.735515, -122.505262 37.735565, -122.506796 37.73555899999999, -122.508121548602 37.7354395332202, -122.509993368973 37.74881495033259))",6075035400
6075040100,0.0012648397,06,075,040100,1400000US06075040100,06075040100,401,CT,419128,0,"POLYGON ((-122.464781 37.788564, -122.463581 37.788806, -122.459476 37.789711, -122.459388 37.788405, -122.459179 37.785682, -122.458998 37.783189, -122.458878 37.781326, -122.461068 37.781227, -122.464284 37.781089, -122.464551 37.784792, -122.464781 37.788564))",6075040100
6075040100,0.0013625032,06,075,040100,1400000US06075040100,06075040100,401,CT,419128,0,"POLYGON ((-122.464781 37.788564, -122.463581 37.788806, -122.459476 37.789711, -122.459388 37.788405, -122.459179 37.785682, -122.458998 37.783189, -122.458878 37.781326, -122.461068 37.781227, -122.464284 37.781089, -122.464551 37.784792, -122.464781 37.788564))",6075040100
6075040200,0.0013433741,06,075,040200,1400000US06075040200,06075040200,402,CT,531470,0,"POLYGON ((-122.472583 37.786317, -122.472352 37.787234, -122.470912 37.787221, -122.466924 37.788132, -122.464781 37.788564, -122.464551 37.784792, -122.464284 37.781089, -122.466432 37.78099, -122.467492 37.780938, -122.472264 37.780747, -122.472379 37.782581, -122.472516 37.784453, -122.472583 37.786317))",6075040200
6075040200,0.0016493325,06,075,040200,1400000US06075040200,06075040200,402,CT,531470,0,"POLYGON ((-122.472583 37.786317, -122.472352 37.787234, -122.470912 37.787221, -122.466924 37.788132, -122.464781 37.788564, -122.464551 37.784792, -122.464284 37.781089, -122.466432 37.78099, -122.467492 37.780938, -122.472264 37.780747, -122.472379 37.782581, -122.472516 37.784453, -122.472583 37.786317))",6075040200
6075042601,0.0010266812,06,075,042601,1400000US06075042601,06075042601,426.01,CT,293133,0,"POLYGON ((-122.48408 37.785795, -122.478714 37.786031, -122.478579 37.784174, -122.478444 37.782308, -122.47831 37.780449, -122.479388 37.780403, -122.482598 37.780265, -122.483667 37.780207, -122.483804 37.782077, -122.483936 37.783931, -122.48408 37.785795))",6075042601
6075042602,0.00118073,06,075,042602,1400000US06075042602,06075042602,426.02,CT,332059,0,"POLYGON ((-122.478714 37.786031, -122.472583 37.786317, -122.472516 37.784453, -122.472379 37.782581, -122.472264 37.780747, -122.47831 37.780449, -122.478444 37.782308, -122.478579 37.784174, -122.478714 37.786031))",6075042602
6075042700,0.0013037655,06,075,042700,1400000US06075042700,06075042700,427,CT,406940,0,"POLYGON ((-122.493491 37.783498, -122.490364 37.78364, -122.487151 37.783785, -122.487286 37.785649, -122.48408 37.785795, -122.483936 37.783931, -122.483804 37.782077, -122.483667 37.780207, -122.489019 37.779977, -122.491172 37.779869, -122.493305 37.77975199999999, -122.493446 37.781627, -122.493491 37.783498))",6075042700
6075042700,0.0012475194,06,075,042700,1400000US06075042700,06075042700,427,CT,406940,0,"POLYGON ((-122.493491 37.783498, -122.490364 37.78364, -122.487151 37.783785, -122.487286 37.785649, -122.48408 37.785795, -122.483936 37.783931, -122.483804 37.782077, -122.483667 37.780207, -122.489019 37.779977, -122.491172 37.779869, -122.493305 37.77975199999999, -122.493446 37.781627, -122.493491 37.783498))",6075042700
6075042800,0.0012090466,06,075,042800,1400000US06075042800,06075042800,428,CT,551507,302821,"POLYGON ((-122.493338 37.787403, -122.493048716406 37.7879341073778, -122.492883 37.787929, -122.485827333182 37.7906121409026, -122.483985 37.789769, -122.483799 37.78774, -122.479845 37.786796, -122.472352 37.787234, -122.472583 37.786317, -122.478714 37.786031, -122.48408 37.785795, -122.487286 37.785649, -122.487151 37.783785, -122.490364 37.78364, -122.493491 37.783498, -122.493338 37.787403))",6075042800
6075045100,0.0009311472,06,075,045100,1400000US06075045100,06075045100,451,CT,384459,0,"POLYGON ((-122.464284 37.781089, -122.461068 37.781227, -122.458878 37.781326, -122.458505 37.77619, -122.458371 37.774309, -122.460553 37.774031, -122.463749 37.773624, -122.464011 37.777235, -122.464284 37.781089))",6075045100
6075045200,0.0013036487,06,075,045200,1400000US06075045200,06075045200,452,CT,592224,0,"POLYGON ((-122.472264 37.780747, -122.467492 37.780938, -122.466432 37.78099, -122.464284 37.781089, -122.464011 37.777235, -122.463749 37.773624, -122.465332 37.773423, -122.466952 37.773351, -122.471706 37.773141, -122.471842 37.775006, -122.471967 37.776871, -122.472103 37.778731, -122.472264 37.780747))",6075045200
6075045200,0.0013353217,06,075,045200,1400000US06075045200,06075045200,452,CT,592224,0,"POLYGON ((-122.472264 37.780747, -122.467492 37.780938, -122.466432 37.78099, -122.464284 37.781089, -122.464011 37.777235, -122.463749 37.773624, -122.465332 37.773423, -122.466952 37.773351, -122.471706 37.773141, -122.471842 37.775006, -122.471967 37.776871, -122.472103 37.778731, -122.472264 37.780747))",6075045200
6075047600,0.0013401983,06,075,047600,1400000US06075047600,06075047600,476,CT,531174,0,"POLYGON ((-122.479388 37.780403, -122.47831 37.780449, -122.472264 37.780747, -122.472103 37.778731, -122.471967 37.776871, -122.471842 37.775006, -122.471706 37.773141, -122.478837 37.772815, -122.478972 37.774681, -122.479106 37.776546, -122.479241 37.778408, -122.479388 37.780403))",6075047600
6075047600,0.0013264476,06,075,047600,1400000US06075047600,06075047600,476,CT,531174,0,"POLYGON ((-122.479388 37.780403, -122.47831 37.780449, -122.472264 37.780747, -122.472103 37.778731, -122.471967 37.776871, -122.471842 37.775006, -122.471706 37.773141, -122.478837 37.772815, -122.478972 37.774681, -122.479106 37.776546, -122.479241 37.778408, -122.479388 37.780403))",6075047600
6075047701,0.001674503,06,075,047701,1400000US06075047701,06075047701,477.01,CT,364728,0,"POLYGON ((-122.489019 37.779977, -122.483667 37.780207, -122.482598 37.780265, -122.479388 37.780403, -122.479241 37.778408, -122.479106 37.776546, -122.482318 37.7764, -122.488741 37.776107, -122.488876 37.777972, -122.489019 37.779977))",6075047701
6075047701,0.0010745589,06,075,047701,1400000US06075047701,06075047701,477.01,CT,364728,0,"POLYGON ((-122.489019 37.779977, -122.483667 37.780207, -122.482598 37.780265, -122.479388 37.780403, -122.479241 37.778408, -122.479106 37.776546, -122.482318 37.7764, -122.488741 37.776107, -122.488876 37.777972, -122.489019 37.779977))",6075047701
6075047702,0.0018151851,06,075,047702,1400000US06075047702,06075047702,477.02,CT,352786,0,"POLYGON ((-122.488741 37.776107, -122.482318 37.7764, -122.479106 37.776546, -122.478972 37.774681, -122.478837 37.772815, -122.482049 37.772667, -122.488471 37.772374, -122.488606 37.774241, -122.488741 37.776107))",6075047702
6075047702,0.0012658342,06,075,047702,1400000US06075047702,06075047702,477.02,CT,352786,0,"POLYGON ((-122.488741 37.776107, -122.482318 37.7764, -122.479106 37.776546, -122.478972 37.774681, -122.478837 37.772815, -122.482049 37.772667, -122.488471 37.772374, -122.488606 37.774241, -122.488741 37.776107))",6075047702
6075047801,0.0018151851,06,075,047801,1400000US06075047801,06075047801,478.01,CT,476606,0,"POLYGON ((-122.497455 37.777579, -122.493168 37.777774, -122.493305 37.77975199999999, -122.491172 37.779869, -122.489019 37.779977, -122.488876 37.777972, -122.488741 37.776107, -122.488606 37.774241, -122.488471 37.772374, -122.494903 37.772081, -122.495039 37.773947, -122.495175 37.775813, -122.497319 37.775715, -122.497455 37.777579))",6075047801
6075047801,0.0012732544,06,075,047801,1400000US06075047801,06075047801,478.01,CT,476606,0,"POLYGON ((-122.497455 37.777579, -122.493168 37.777774, -122.493305 37.77975199999999, -122.491172 37.779869, -122.489019 37.779977, -122.488876 37.777972, -122.488741 37.776107, -122.488606 37.774241, -122.488471 37.772374, -122.494903 37.772081, -122.495039 37.773947, -122.495175 37.775813, -122.497319 37.775715, -122.497455 37.777579))",6075047801
6075047802,0.0018151851,06,075,047802,1400000US06075047802,06075047802,478.02,CT,339448,0,"POLYGON ((-122.498801 37.781377, -122.493446 37.781627, -122.493305 37.77975199999999, -122.493168 37.777774, -122.497455 37.777579, -122.497319 37.775715, -122.495175 37.775813, -122.495039 37.773947, -122.494903 37.772081, -122.498114 37.771934, -122.49825 37.7738, -122.498386 37.775667, -122.498521 37.777531, -122.498669 37.779507, -122.498801 37.781377))",6075047802
6075047802,0.0012253767,06,075,047802,1400000US06075047802,06075047802,478.02,CT,339448,0,"POLYGON ((-122.498801 37.781377, -122.493446 37.781627, -122.493305 37.77975199999999, -122.493168 37.777774, -122.497455 37.777579, -122.497319 37.775715, -122.495175 37.775813, -122.495039 37.773947, -122.494903 37.772081, -122.498114 37.771934, -122.49825 37.7738, -122.498386 37.775667, -122.498521 37.777531, -122.498669 37.779507, -122.498801 37.781377))",6075047802
6075047901,0.00126815,06,075,047901,1400000US06075047901,06075047901,479.01,CT,1166617,4096057,"POLYGON ((-122.514483 37.780829, -122.509842514521 37.7846145393916, -122.507484 37.782185, -122.510781 37.782059, -122.509879 37.780627, -122.509593 37.780173, -122.509228 37.777044, -122.506022 37.77719, -122.501733 37.777385, -122.498521 37.777531, -122.498386 37.775667, -122.49825 37.7738, -122.498114 37.771934, -122.505611 37.771592, -122.511124 37.771323, -122.513067688424 37.7707830331714, -122.513128 37.771214, -122.514483 37.780829))",6075047901
6075047901,0.0013406121,06,075,047901,1400000US06075047901,06075047901,479.01,CT,1166617,4096057,"POLYGON ((-122.514483 37.780829, -122.509842514521 37.7846145393916, -122.507484 37.782185, -122.510781 37.782059, -122.509879 37.780627, -122.509593 37.780173, -122.509228 37.777044, -122.506022 37.77719, -122.501733 37.777385, -122.498521 37.777531, -122.498386 37.775667, -122.49825 37.7738, -122.498114 37.771934, -122.505611 37.771592, -122.511124 37.771323, -122.513067688424 37.7707830331714, -122.513128 37.771214, -122.514483 37.780829))",6075047901
6075047902,0.0011580568,06,075,047902,1400000US06075047902,06075047902,479.02,CT,397735,0,"POLYGON ((-122.509879 37.780627, -122.506509 37.780857, -122.505226 37.781077, -122.502012 37.781227, -122.498801 37.781377, -122.498669 37.779507, -122.498521 37.777531, -122.501733 37.777385, -122.506022 37.77719, -122.509228 37.777044, -122.509593 37.780173, -122.509879 37.780627))",6075047902
6075061100,0.0010825545,06,075,061100,1400000US06075061100,06075061100,611,CT,239861,0,"POLYGON ((-122.408431 37.796704, -122.405513 37.797065, -122.402041 37.797505, -122.400681 37.796777, -122.400149 37.794134, -122.404613 37.793565, -122.404796 37.794453, -122.407903 37.79406, -122.408253 37.795824, -122.408431 37.796704))",6075061100
